AP/IB,Calculus,Counselors,FracSAT/ACT,black,Hispanic,white,lat,long,gis_x,gis_y,neigh1,neigh2,neigh3,neigh4,neigh5
1.0,1.0,1.0,0.16331658291457288,1,0,0,40.64966201204187,-73.9582039380805,995847.9967358492,175968.536711235,132,105,225,144,41
1.0,1.0,2.0,0.22065727699530516,0,1,0,40.85951528052686,-73.88795775660009,1015242.82255657,252441.9899162,283,99,2,270,64
1.0,0.0,1.0,0.29658792650918636,0,1,0,40.85957635133117,-73.88918291128678,1014903.89561163,252463.80924742,99,283,1,270,64
1.0,0.0,1.0,0.10732984293193717,0,1,0,40.81835919026026,-73.91136771611731,1008782.3972007,237439.88098177305,191,65,156,307,290
1.0,1.0,1.0,0.22838137472283815,0,1,0,40.87802543473587,-73.91325540415205,1008238.37995196,259178.021389352,271,100,305,8,230
1.0,1.0,1.5,0.5365853658536586,0,0,1,40.87476411807943,-73.89514739966005,1013247.39375991,257995.271519485,11,51,52,75,324
1.0,1.0,0.0,0.15633423180592992,1,0,0,40.66562802801845,-73.91186959485964,1008699.4664994,181794.933356778,57,66,302,336,55
1.0,0.0,1.0,0.01098901098901099,0,1,0,40.67783545413146,-74.01422016981877,980305.708664472,186230.467155405,9,202,281,37,332
0.0,0.0,1.0,0.11398963730569948,0,1,0,40.877867508165934,-73.91295340371394,1008321.95240533,259120.565327659,271,230,305,4,100
0.0,0.0,3.0,0.13549337260677466,0,1,0,40.67965394939385,-74.00178931119825,983753.706894391,186892.682217795,202,281,7,37,219
1.0,0.0,0.0,0.12442396313364056,0,1,0,40.71727757718351,-73.98921328291419,987240.174701856,200600.265307077,68,86,88,83,36
0.0,0.0,3.0,0.1483050847457627,0,1,0,40.87075271247328,-73.89738005131738,1012631.65771945,256533.02793498,75,51,324,52,5
1.0,1.0,2.0,0.1487279843444227,0,1,0,40.765746721003424,-73.99310136596391,986160.972513058,218259.006169867,87,85,43,278,82
0.0,0.0,1.0,0.3550561797752809,0,1,0,40.774932741060034,-73.98543005158731,988285.426500398,221606.039536968,343,49,341,159,82
1.0,1.0,2.0,0.15977961432506887,1,0,0,40.68547631964957,-73.95401664020147,997003.081161195,189017.28244632,224,54,312,175,142
1.0,1.0,5.0,0.11446409989594172,0,1,0,40.74859209463717,-73.94682309798773,998984.187333869,212013.4136846,277,249,208,108,107
1.0,0.0,2.0,0.14366197183098592,1,0,0,40.6697645918719,-73.96113025545259,995032.722590544,183292.0937606161,19,81,106,183,41
0.0,0.0,3.0,0.11475409836065574,0,1,0,40.82213893465186,-73.92366202311439,1005378.27520552,238813.773685945,285,284,307,222,344
1.0,0.0,2.0,0.10385259631490787,0,1,0,40.81327864896564,-73.92064492485245,1006216.25008127,235586.395989766,317,247,307,222,24
1.0,1.0,2.0,0.03944315545243619,1,0,0,40.669829630534586,-73.96145000434191,994944.011725062,183315.74999141105,16,106,81,183,41
0.0,0.0,1.4,0.1592920353982301,1,0,0,40.66936199020121,-73.9791114958813,990044.64343487,183143.713125984,47,19,106,16,81
1.0,0.0,2.0,0.17064846416382254,1,0,0,40.68606241896701,-73.78348943957255,1044296.7170688,189301.675737004,250,326,236,62,61
1.0,0.0,1.0,0.15926892950391644,0,1,0,40.69749098670753,-73.9138577006796,1008136.50314555,193402.975812692,117,116,292,58,147
0.0,0.0,3.0,0.026785714285714284,0,1,0,40.76561573826413,-73.82831268455399,1031808.71589458,218257.816253526,274,113,303,35,166
0.0,0.0,1.0,0.12727272727272726,0,1,0,40.81569865945887,-73.93028053744817,1003548.31844298,236465.822638088,200,222,247,18,284
1.0,0.0,2.0,0.06573705179282868,0,1,0,40.8515847160604,-73.86441475231047,1021759.69232458,249561.78952067305,154,199,300,266,1
0.0,0.0,2.0,0.07096774193548387,0,1,0,40.8396958513961,-73.91111300421969,1008845.01031528,245213.676990603,118,282,98,72,223
1.0,1.0,11.0,0.10394412489728841,0,1,0,40.75785332640745,-73.91053832202948,1009034.47742668,215395.76405589105,48,260,170,179,249
1.0,0.0,4.0,0.0703971119133574,1,0,0,40.582922088143135,-73.96342142715795,994410.348267943,151652.785968917,205,252,218,143,125
1.0,0.0,3.0,0.08,1,0,0,40.6738604646118,-73.89602313857631,1013092.08759708,184799.06207714693,80,55,157,78,56
0.0,0.0,0.0,0.08256880733944955,0,1,0,40.74321565493945,-74.00246546368318,983566.8173332772,210050.141984006,238,289,327,128,279
1.0,0.0,1.0,0.17995910020449898,0,1,0,40.79291032093957,-73.94715747998642,998881.796866508,228159.961747648,187,160,304,40,141
0.0,0.0,0.0,0.14285714285714285,1,0,0,40.81745261524293,-73.94713931285688,998881.431405502,237101.58659096,90,149,331,329,189
0.0,0.0,2.0,0.09936575052854123,0,1,0,40.71184608463976,-73.93973218519481,1000958.13889124,198626.970866648,34,121,321,259,104
1.0,0.0,2.0,0.13948919449901767,0,1,0,40.711979294990094,-73.93917476213808,1001112.64041718,198675.61023592603,33,121,321,259,104
0.0,1.0,3.0,0.1859903381642512,0,1,0,40.73760459585407,-73.85342850909137,1024868.52110484,208039.827915503,166,310,320,334,173
0.0,0.0,1.0,0.05907172995780591,0,1,0,40.72228680440021,-73.99051717808567,986878.5257029808,202425.23866362,267,68,10,86,88
1.0,0.0,5.0,0.0967741935483871,1,0,0,40.684721325485015,-73.99099314732364,986747.99991336,188738.997253116,281,202,219,42,9
0.0,0.0,0.0,0.12962962962962962,0,1,0,40.765652953708326,-73.95956233519067,995451.546808947,218227.353891981,196,130,131,135,206
1.0,1.0,2.0,0.15759312320916904,0,1,0,40.71234051142413,-73.98401338497996,988681.961293362,198801.762263261,83,86,10,68,88
1.0,1.0,3.0,0.07293354943273905,0,1,0,40.78330470209375,-73.94590042008831,999232.031013895,224660.5185873769,160,139,31,304,187
0.0,0.0,1.0,0.034782608695652174,1,0,0,40.6695487629456,-73.95514049270359,996694.362275074,183214.2552842461,225,183,81,16,106
1.0,0.0,4.0,0.15800865800865802,1,0,0,40.68398224352315,-73.98029589827242,989714.8822832508,188470.2144562869,219,37,142,281,202
0.0,0.0,1.0,0.09859154929577464,0,1,0,40.763650862383216,-73.99088853436326,986774.022611783,217495.471742093,278,85,87,12,204
1.0,0.0,3.0,0.1191806331471136,0,1,0,40.70563924481953,-74.01297455017796,980652.710309582,196360.15069021305,67,171,88,335,184
1.0,1.0,3.6,0.040376850605652756,0,1,0,40.7326994232301,-73.98433603588042,988591.186585314,206219.125053675,203,215,337,237,325
1.0,1.0,0.0,0.13381995133819952,0,1,0,40.82717112326557,-73.90417221252942,1010770.51694183,240652.483198628,102,50,115,234,93
1.0,0.0,1.4,0.11173184357541899,1,0,0,40.66961786144547,-73.97892875909895,990095.313701381,183236.946416364,20,19,106,16,81
1.0,1.0,3.0,0.26545454545454544,0,0,1,40.75630321189787,-73.9250034525227,1005027.53997658,214827.245192824,260,249,277,27,170
1.0,0.0,2.0,0.027777777777777776,0,1,0,40.77506261083342,-73.98575391942335,988195.717400806,221653.340698571,341,13,343,159,82
0.0,0.0,3.0,0.03553299492385787,0,1,0,40.82709786972715,-73.90389928823154,1010846.07849419,240625.87701822,115,46,102,234,93
1.0,0.0,2.0,0.08450704225352113,0,1,0,40.87049916576592,-73.89721353643812,1012677.8192085,256440.70495689104,52,75,11,324,5
1.0,0.0,3.0,0.109375,0,1,0,40.87037728454207,-73.89693332298772,1012755.37051009,256396.389927408,51,75,11,324,5
0.0,0.0,2.0,0.1678832116788321,0,1,0,40.69516034262288,-73.9276167776118,1004321.93453375,192550.40128354105,286,308,147,58,22
0.0,0.0,1.0,0.037267080745341616,1,0,0,40.6847376010444,-73.94742289359158,998831.960232046,188749.174638685,224,14,240,312,220
1.0,1.0,1.0,0.06349206349206349,1,0,0,40.66701004128184,-73.89531840558097,1013290.55559155,182303.492873016,80,56,78,29,193
1.0,0.0,2.0,0.15139442231075698,1,0,0,40.66667170571423,-73.89522618782354,1013316.28587831,182180.258341711,78,55,80,29,193
1.0,0.0,1.0,0.22440944881889763,1,0,0,40.66557359290329,-73.912187667281,1008611.2455696,181775.012501662,6,66,302,336,323
1.0,0.0,2.0,0.016129032258064516,0,1,0,40.695779065814094,-73.91520280617459,1007764.12108793,192778.90875324,22,116,117,292,147
0.0,0.0,2.2,0.037037037037037035,1,0,0,40.6013603485832,-73.7632176495131,1050002.26709676,158457.057043556,60,239,244,254,61
1.0,0.0,3.0,0.1842818428184282,1,0,0,40.58652520656777,-73.82339893545695,1033301.403941,153012.81628117198,239,244,59,306,257
0.0,1.0,2.0,0.10980392156862745,1,0,0,40.66804507055241,-73.7583023373958,1051300.16572618,182755.733323174,62,254,338,236,250
1.0,0.0,3.0,0.28087649402390436,1,0,0,40.66847803802085,-73.75816722902456,1051337.21101682,182913.578474597,61,338,254,236,250
1.0,0.0,1.0,0.031496062992125984,0,1,0,40.80776568446266,-73.93995835424721,1000871.48427341,233573.57357594,158,140,141,127,24
0.0,0.0,0.4,0.017543859649122806,0,1,0,40.8483244810367,-73.89354989547894,1013700.89574211,248362.82748970305,97,270,74,300,223
0.0,0.0,1.0,0.012269938650306749,0,1,0,40.81720285720246,-73.91175812055413,1008674.76217168,237018.478324879,191,3,156,290,307
1.0,0.0,1.0,0.023809523809523808,1,0,0,40.66627236061389,-73.92391372168342,1005357.93681095,182026.549853075,57,6,323,136,273
1.0,0.0,3.0,0.19613259668508287,1,0,0,40.7054250588908,-74.01296120316022,980656.399322377,196282.115783935,44,171,88,335,184
0.0,0.0,1.0,0.15966386554621848,0,1,0,40.71735968047609,-73.98950606340519,987159.009741276,200630.168187291,10,86,88,83,36
0.0,1.0,3.0,0.13509060955518945,0,1,0,40.86096146338974,-73.9300632959218,1003595.28461467,252956.791899253,330,333,122,301,4
1.0,0.0,2.0,0.04710144927536232,0,1,0,40.82097869739511,-73.88096448321888,1017196.36110789,238404.236264876,91,198,201,229,313
0.0,0.0,2.0,0.09917355371900827,0,1,0,40.836229084606295,-73.8902705800502,1014613.68352888,243957.14383570003,101,198,246,95,74
1.0,1.0,1.0,0.2345679012345679,0,1,0,40.83942084354956,-73.90188457221085,1011398.62643747,245116.207035034,98,74,223,95,73
1.0,1.0,3.0,0.17943107221006566,0,1,0,40.833918177083454,-73.90256264986294,1011213.23185851,243111.172967277,96,95,246,98,72
1.0,0.0,1.0,0.03333333333333333,0,1,0,40.84182672985439,-73.89784812693496,1012514.49175426,245994.037547238,97,72,98,223,95
0.0,0.0,1.0,0.008528784648187633,0,1,0,40.87054000039903,-73.8975406096081,1012587.34268997,256455.476633385,324,11,51,52,5
0.0,0.0,2.0,0.23118279569892472,0,1,0,40.88811717326213,-73.85288124764907,1024928.08199578,262877.128740257,134,151,114,152,272
1.0,1.0,2.0,0.09626436781609195,0,1,0,40.832604286311664,-73.87874964953201,1017803.51413718,242640.700010792,313,229,201,198,101
0.0,1.0,1.0,0.06666666666666667,1,0,0,40.66671600299901,-73.89488929362994,1013409.727446,182196.509049136,56,80,55,29,193
1.0,1.0,13.8,0.2262605579728692,0,0,1,40.527833417332616,-74.1924323767639,930754.441304492,131639.29062291302,231,291,296,148,172
0.0,0.0,2.0,0.08708708708708708,1,0,0,40.66705063070175,-73.89499127865929,1013381.28870801,182318.389354822,55,78,56,29,193
1.0,0.0,1.0,0.09829059829059829,1,0,0,40.67005674919287,-73.96103414882681,995059.335850188,183398.546799194,106,16,19,183,41
0.0,0.0,1.0,0.012861736334405145,0,1,0,40.76798831636322,-73.98862311172535,987401.375894494,219075.822981032,126,12,85,87,159
0.0,0.0,1.0,0.10052910052910052,0,1,0,40.71339355423471,-73.98661290403824,987961.23929763,199185.296885378,39,86,10,68,88
0.0,1.0,3.0,0.2835820895522388,0,0,1,40.71827664500029,-73.976075370976,990882.022220995,200964.977838614,39,83,10,86,68
1.0,0.0,2.0,0.06341463414634146,0,1,0,40.76545758182302,-73.99300523313309,986187.610428016,218153.665324354,87,12,43,278,82
1.0,1.0,0.0,0.13559322033898305,0,1,0,40.71698836955439,-73.98935715744109,987200.304194905,200494.89325299105,10,68,88,83,36
1.0,1.0,1.0,0.14640198511166252,0,1,0,40.7655705918482,-73.99326311279373,986116.1723833572,218194.833011106,12,85,43,278,82
1.0,0.0,1.0,0.2647058823529412,0,1,0,40.71638238378283,-73.99350690979142,986049.967008359,200274.001616397,68,86,10,83,36
1.0,0.0,3.0,0.08121827411167512,1,0,0,40.80253871058471,-73.9540268625217,996977.862568952,231666.846180596,329,141,187,31,185
0.0,0.0,3.0,0.05405405405405406,0,1,0,40.81733222822147,-73.94738767101096,998812.714131836,237057.683888341,32,149,331,329,189
1.0,0.0,1.0,0.04251700680272109,0,1,0,40.82043605431561,-73.89298261467172,1013870.25516849,238202.239922702,328,288,190,93,234
1.0,1.0,2.0,0.12200435729847495,0,1,0,40.82196791898357,-73.85552171559064,1024237.74824921,238775.2370483289,94,265,155,70,201
0.0,0.0,1.0,0.048,0,1,0,40.82749272437401,-73.89719104687674,1012702.42903795,240771.8447412889,234,190,246,115,50
1.0,0.0,1.0,0.08333333333333333,0,1,0,40.821877673685634,-73.85612607338022,1024070.53223338,238742.08214863687,92,265,155,70,201
1.0,0.0,2.0,0.13821138211382114,0,1,0,40.8350109179251,-73.90043507496307,1011801.529658,243509.960694506,73,96,246,98,72
1.0,0.0,2.0,0.21241050119331742,0,1,0,40.83396773258612,-73.90386142788944,1010853.80942333,243128.830747796,73,95,246,98,72
0.0,0.0,2.0,0.07381370826010544,1,0,0,40.84524674266198,-73.89716851969193,1012701.07005435,247240.295923352,74,64,223,72,98
1.0,1.0,2.0,0.14583333333333334,0,1,0,40.839147639133074,-73.90206944375667,1011347.58361759,245016.611288925,72,74,223,95,73
1.0,1.0,3.0,0.16981132075471697,0,1,0,40.85996724670546,-73.88879837871407,1015010.08302356,252606.36221139,2,1,283,270,52
1.0,0.0,3.0,0.18181818181818182,0,1,0,40.87814957351821,-73.91311043430615,1008278.42508587,259223.289801595,305,4,271,230,8
1.0,0.0,4.0,0.03886397608370702,0,1,0,40.8368324993692,-73.88770670195008,1015322.86267513,244177.889167103,71,198,300,77,313
0.0,0.0,2.0,0.038202247191011236,0,1,0,40.82722391603723,-73.90442978482096,1010699.21237834,240671.63964852103,46,50,115,234,93
1.0,1.0,2.0,0.14634146341463414,0,1,0,40.71544981416614,-73.95497403722071,996731.942402199,199937.379283156,133,104,120,261,207
1.0,1.0,2.0,0.25329428989751096,0,1,0,40.71520472307666,-73.95458029240288,996841.141274985,199848.141494643,103,133,120,261,207
0.0,0.0,2.0,0.08445945945945946,1,0,0,40.65918079754624,-73.94313843550091,1000026.27410743,179438.84763034,225,41,0,132,66
0.0,0.0,1.0,0.15865384615384615,0,1,0,40.67012179349045,-73.96136988842952,994966.189441433,183422.2030299889,81,19,16,183,41
0.0,1.0,1.0,0.10404624277456648,0,1,0,40.74451322315896,-73.93504335936011,1002249.20352769,210529.551402757,208,108,209,179,277
1.0,1.0,1.0,0.27184466019417475,0,1,0,40.74428549970047,-73.93697675157267,1001713.52871279,210446.193143415,208,107,209,277,249
1.0,1.0,10.0,0.18181818181818182,0,0,1,40.59744013622724,-74.12447486642974,949682.4217523392,156964.516564114,296,148,291,172,226
0.0,0.0,1.0,0.0425531914893617,1,0,0,40.59358355944392,-73.93692519118345,1001767.35052924,155541.214072339,268,145,111,28,205
1.0,1.0,12.0,0.13846153846153847,0,0,1,40.609915603749016,-73.94807977862936,998665.934185192,161489.362797754,165,110,268,144,28
1.0,1.0,14.0,0.08005029337803855,0,1,0,40.67900101142758,-73.83646802338329,1029608.53802898,186697.132132692,182,138,315,258,314
1.0,1.0,15.0,0.20830993823694555,0,1,0,40.73860035257034,-73.8242729220213,1032947.50490479,208417.476777732,194,166,318,228,35
0.0,0.0,3.0,0.08032128514056225,0,1,0,40.87504046700075,-73.86109801636327,1022663.71634239,258109.057761833,134,272,152,153,151
0.0,0.0,2.0,0.06441717791411043,0,1,0,40.827039224022535,-73.90363018886283,1010920.57579933,240604.592073894,50,46,102,234,93
1.0,1.0,2.0,0.017316017316017316,0,1,0,40.69680628737677,-73.91173998151201,1008723.97922135,193154.10427143693,292,117,22,58,147
1.0,1.0,2.0,0.11825192802056556,0,1,0,40.69716726349792,-73.91175359075525,1008720.07297135,193285.614688103,292,116,22,58,147
1.0,0.0,2.0,0.0777027027027027,0,1,0,40.83980336687047,-73.91150343961368,1008736.93739861,245252.739490603,282,26,98,72,223
1.0,1.0,6.0,0.16972477064220184,0,1,0,40.840482341483714,-73.83888254643075,1028830.6160493,245528.744692532,266,25,92,94,265
1.0,0.0,3.0,0.18057921635434412,1,0,0,40.711898364324405,-73.96029207016724,995258.282250452,198642.765285987,133,103,104,146,276
1.0,0.0,2.4,0.19622641509433963,0,1,0,40.709793089582526,-73.94408538447844,999751.7723752692,197878.20247966,321,259,33,34,276
1.0,0.0,1.4,0.08409986859395532,0,1,0,40.84906485587616,-73.93080071851759,1003394.72925605,248622.241311465,333,301,69,195,330
1.0,1.0,2.0,0.08557046979865772,0,0,1,40.59384476481535,-73.98566199776099,988231.983519573,155630.396983541,253,322,339,245,143
1.0,0.0,2.0,0.1483050847457627,1,0,0,40.69786637738003,-73.98085755819703,989558.00193929,193528.576848074,176,137,174,219,42
0.0,0.0,2.0,0.019230769230769232,1,0,0,40.57713751154208,-73.9857287521889,988214.435990587,149543.522094748,143,252,218,205,322
1.0,1.0,5.0,0.18160190325138778,0,1,0,40.76786588197722,-73.98830506989955,987489.47881569,219031.227675242,82,12,85,87,43
1.0,0.0,1.0,0.08583690987124463,0,1,0,40.79896656962973,-73.93371086356291,1002603.41898985,230368.994692266,140,141,304,158,63
0.0,0.0,2.0,0.08108108108108109,0,1,0,40.7436636409239,-74.00265129713091,983515.327622943,210213.359061144,289,327,238,30,279
1.0,1.0,0.0,0.29024943310657597,0,1,0,40.7419339958626,-73.99203707729225,986456.576983252,209583.28346665105,188,181,186,325,237
1.0,1.0,0.0,0.12391304347826088,0,1,0,40.765445827311176,-73.95971990174056,995407.934355914,218151.870800194,131,38,196,135,206
0.0,0.0,0.0,0.1836734693877551,0,1,0,40.76553338839504,-73.95996206570503,995340.838274326,218183.741438949,130,196,38,135,206
1.0,0.0,2.0,0.10714285714285714,1,0,0,40.64945087121474,-73.95817080656559,995857.227137915,175891.616694014,0,105,225,144,41
1.0,1.0,3.0,0.22135922330097088,1,0,0,40.71567877488274,-73.95532967510394,996633.3111622628,200020.74616453,103,104,120,261,207
0.0,0.0,3.4,0.1391304347826087,0,1,0,40.87530020722021,-73.86098872255015,1022693.79163678,258203.739244153,114,151,152,272,153
1.0,1.0,2.0,0.3460837887067395,0,0,1,40.77024911172401,-73.95329727554831,997186.123989592,219902.7496874389,38,196,130,131,139
0.0,0.0,1.0,0.10309278350515463,1,0,0,40.68002191056139,-73.92183273656597,1005930.77569091,187036.409412016,323,273,147,157,66
1.0,1.0,0.0,0.23974082073434125,1,0,0,40.694737519494296,-73.98835981848852,987477.853930125,192388.275898937,124,219,176,37,202
1.0,0.0,1.0,0.09004739336492891,0,1,0,40.69280373082783,-73.86858377125427,1020693.12036234,191710.861859292,315,258,314,164,235
0.0,0.0,3.0,0.011730205278592375,0,1,0,40.780928414613655,-73.95548959721727,996576.898822274,223793.261777812,40,135,160,31,187
0.0,0.0,0.0,0.0,0,1,0,40.80568276571231,-73.93503808685395,1002234.13718121,232815.664705352,158,63,141,127,247
0.0,0.0,1.0,0.0,0,1,0,40.80275096523185,-73.94236419761162,1000206.67064836,231746.087514012,158,63,140,127,89
0.0,0.0,3.0,0.0,1,0,0,40.682504088836296,-73.96903200934395,992839.08338586,187932.583481436,175,42,14,219,312
0.0,0.0,1.0,0.0,1,0,0,40.58796423804369,-73.98139158049587,989418.42889419,153488.19539452,322,123,245,339,253
0.0,0.0,4.0,0.25083056478405313,1,0,0,40.63050257823517,-73.9532198604663,997234.756941953,168988.935249731,165,132,0,111,298
1.0,1.0,3.0,0.27117031398667935,0,0,1,40.580252469701314,-73.93512609881802,1002270.59744282,150684.728885908,268,110,28,205,218
0.0,0.0,2.8,0.108,0,1,0,40.705416119852266,-73.95592577024044,996469.945564143,196281.667373782,276,120,259,321,104
1.0,1.0,2.0,0.25306748466257667,1,0,0,40.688539565764906,-73.92081860539055,1006209.25388696,190139.889735373,53,58,136,286,308
1.0,1.0,5.0,0.37421875,0,0,1,40.56796258405468,-74.11567367759919,952112.393031345,146221.765766895,172,109,296,291,226
1.0,1.0,7.0,0.1734906315058987,0,1,0,40.81835460522813,-73.9501466588042,998048.8342547972,237429.725948367,90,32,331,329,189
0.0,0.0,2.0,0.20535714285714285,1,0,0,40.87411144655622,-73.83283170033556,1030481.47915411,257784.236218712,169,76,134,114,272
1.0,0.0,3.0,0.1752021563342318,0,1,0,40.87544453505826,-73.86151606667458,1022547.87076403,258256.0925343769,152,134,114,153,272
0.0,0.0,1.0,0.06451612903225806,0,1,0,40.875187866142014,-73.86163743571862,1022514.45377027,258162.524951849,153,151,114,272,134
1.0,0.0,3.0,0.2066420664206642,0,1,0,40.87493729722688,-73.86174670774194,1022484.37847588,258071.185168905,152,272,114,151,134
1.0,0.0,2.0,0.13135593220338984,0,1,0,40.85997528985129,-73.86030065426101,1022892.98232814,252620.5819750189,25,272,153,114,152
0.0,0.0,1.0,0.0111731843575419,0,1,0,40.82101878347552,-73.85527448847084,1024306.74540884,238429.546017448,265,92,94,70,201
0.0,0.0,0.0,0.009900990099009901,0,1,0,40.819123885210296,-73.90502543107814,1010537.56604957,237720.326535517,3,191,288,65,328
0.0,0.0,2.0,0.0,1,0,0,40.677373201551966,-73.90400983733284,1010875.25988936,186076.323266035,29,323,55,80,56
0.0,0.0,1.0,0.1111111111111111,1,0,0,40.80725557714398,-73.93891870868516,1001159.42159305,233387.922444625,63,140,141,127,24
1.0,1.0,5.0,0.28122605363984676,0,0,1,40.772581499183104,-73.9883666278437,987472.1991869,220749.28174189,341,343,49,13,82
1.0,1.0,2.0,0.19801980198019803,0,1,0,40.79020049480979,-73.94404104935055,999745.349581197,227173.214751075,304,31,187,40,127
1.0,0.0,2.0,0.12091503267973856,0,1,0,40.74649314989231,-73.98071089582034,989594.768751601,211244.81695254,241,188,181,129,227
1.0,1.0,10.0,0.25869652139144345,1,0,0,40.64496215088781,-74.08179493801286,961551.1115143772,174264.079122934,180,226,167,251,177
1.0,1.0,8.0,0.08490566037735849,0,1,0,40.88140965431849,-73.88709890194632,1015470.11522105,260419.26953974305,5,11,52,51,75
0.0,0.0,4.0,0.05767350928641251,1,0,0,40.67858220037907,-73.87585696212678,1018683.53140802,186526.60778241305,315,138,314,258,29
1.0,1.0,14.0,0.17099511442530213,0,0,1,40.62016965890172,-73.95921840905744,995571.493377351,165223.546550186,144,111,132,0,280
1.0,1.0,11.0,0.2482398956975228,0,1,0,40.72973626195207,-73.84494565452937,1027224.39806781,205177.198783357,35,113,318,211,264
1.0,1.0,18.4,0.27264472190692396,0,0,1,40.62721617863451,-74.03943283253287,973304.094920492,167790.60868759098,251,180,162,217,332
1.0,1.0,7.0,0.1628175519630485,0,1,0,40.71149198542775,-73.90900211419269,1009477.61515774,198505.317605148,117,22,292,116,58
1.0,1.0,7.0,0.08281174771304767,1,0,0,40.87408655029335,-73.83209414427984,1030685.47220966,257775.555663157,150,76,134,114,272
1.0,1.0,5.9,0.15746519443110898,0,1,0,40.76574686090932,-73.933274956483,1002733.32741811,218266.021505023,260,48,249,277,135
1.0,0.0,3.0,0.10234899328859061,1,0,0,40.711376297371146,-74.00143250317433,983852.862113843,198450.068694593,88,44,67,86,68
1.0,1.0,10.0,0.15804098645362974,0,0,1,40.56980861324122,-74.1073171556086,954434.907502459,146891.363942467,148,109,296,291,226
1.0,1.0,10.0,0.07869187531936638,0,1,0,40.740901255789296,-73.87427538901696,1019089.6246401,209231.92508106,334,320,310,35,166
1.0,1.0,3.0,0.2533039647577093,1,0,0,40.69541204730943,-73.96897340363078,992853.672195716,192635.335517646,176,312,124,142,219
1.0,0.0,1.0,0.13297872340425532,1,0,0,40.67860116325205,-73.96176003616506,994856.611879712,186511.431971734,142,106,81,183,19
1.0,1.0,2.0,0.0763888888888889,1,0,0,40.69675603587866,-73.97594841353094,990919.368230821,193124.382188978,124,174,137,219,42
1.0,1.0,7.0,0.21299397186872068,0,1,0,40.63460853276057,-74.14217420726257,944789.168082782,170513.400863335,109,162,226,180,296
1.0,1.0,2.6,0.33586337760910817,0,0,1,40.742364521118624,-74.0022904176363,983615.314675036,209740.0455158669,279,30,238,327,289
1.0,1.0,5.0,0.14702154626108999,0,1,0,40.741881962421935,-73.92795729079528,1004213.51041272,209572.4350456489,209,107,108,208,249
1.0,0.0,3.0,0.13016845329249618,0,1,0,40.64300795387357,-74.07940679737273,962213.198118654,173551.502304147,162,226,167,251,177
1.0,1.0,3.0,0.1348464619492657,0,0,1,40.73909827402581,-73.98530130766181,988323.2753202128,208550.381493377,325,237,337,129,45
1.0,1.0,11.0,0.057919015889287544,0,1,0,40.69495355632575,-73.83347725607982,1030427.03160888,192510.6614158789,112,235,264,211,210
1.0,1.0,6.0,0.16678912564290962,1,0,0,40.6699790066504,-73.96036104912038,995246.070118736,183370.30676359,81,16,106,19,41
0.0,1.0,2.0,0.13953488372093023,0,1,0,40.72452135534704,-74.00487418464421,982898.979156102,203239.24985176304,335,214,287,36,88
0.0,0.0,2.0,0.007434944237918215,0,1,0,40.79719580256464,-73.96673817802542,993459.419076895,229718.6465291989,89,263,232,262,187
0.0,0.0,2.0,0.04428904428904429,0,1,0,40.74184403214692,-74.00020944203122,984191.9621906392,209550.4066009569,178,279,30,289,238
1.0,1.0,2.0,0.25957446808510637,0,1,0,40.79356959185825,-73.94875739114048,998438.649999944,228399.89370339696,31,160,304,89,141
0.0,0.0,0.0,0.007547169811320755,0,1,0,40.7474582580256,-73.99052512827616,986875.330058804,211595.9903021789,129,241,161,181,186
1.0,1.0,4.0,0.1453900709219858,1,0,0,40.824133417720006,-73.93658942520337,1001799.79666737,239537.5820947,222,200,24,284,17
0.0,0.0,2.0,0.00749063670411985,0,1,0,40.823565284499566,-73.8985630947853,1012324.37124775,239340.493405075,93,234,115,91,50
1.0,1.0,0.4,0.2946058091286307,0,1,0,40.817875475745375,-73.91158024497669,1008723.74956522,237263.586995113,3,65,156,307,290
0.0,0.0,1.0,0.05504587155963303,0,1,0,40.81109670459935,-73.9095552470756,1009286.79961381,234794.411435662,290,65,317,191,3
1.0,0.0,3.0,0.08588957055214724,1,0,0,40.66126854093047,-73.8867376552783,1015673.71332233,180214.665822913,78,56,80,55,233
1.0,1.0,3.0,0.1418732782369146,0,1,0,40.72533317429264,-73.81104808276955,1036622.79458658,203591.46850615105,228,318,242,113,210
1.0,1.0,3.0,0.13346613545816732,0,1,0,40.83829371959247,-73.93843875077339,1001284.34336144,244696.335160748,122,333,189,344,285
1.0,1.0,1.0,0.24260355029585798,0,1,0,40.76574511070185,-73.9597802751585,995391.160335517,218260.901932776,38,131,130,135,206
1.0,1.0,2.0,0.09049079754601227,0,1,0,40.757667458813856,-73.98330787012121,988874.403983846,215315.83103034305,227,204,278,43,85
0.0,0.0,1.0,0.11717171717171718,0,1,0,40.830941499071,-73.88594127738598,1015814.17059639,242032.212833179,313,229,201,77,101
1.0,0.0,2.0,0.10515873015873016,1,0,0,40.84148745409434,-73.87519397926863,1018782.86009108,245878.547014153,300,77,313,229,201
1.0,0.0,3.0,0.1588447653429603,0,1,0,40.815924447810566,-73.93018229919518,1003575.44517909,236548.107070959,24,222,247,284,18
0.0,0.0,1.0,0.09004739336492891,0,1,0,40.83165460282879,-73.87853960986736,1017862.11797356,242294.776148765,229,313,77,198,101
1.0,0.0,1.6,0.17567567567567569,1,0,0,40.68528757145092,-73.99360760157553,986022.880683485,188945.233372578,281,37,219,9,42
0.0,0.0,0.0,0.12551440329218108,0,0,1,40.73260023915274,-73.98293381341493,988979.812319758,206183.061790568,215,45,221,337,237
1.0,1.0,1.0,0.17679558011049723,0,0,1,40.7614193308034,-73.98847771929134,987441.964122684,216682.530080072,278,43,85,197,87
1.0,1.0,7.0,0.12339819648789749,1,0,0,40.58190358813236,-73.96813063401358,993102.4174867392,151281.209911938,252,28,218,143,125
1.0,1.0,5.6,0.13194444444444445,0,1,0,40.75907896892216,-73.96586560195755,993706.426435891,215831.492118289,131,130,196,38,197
1.0,0.0,2.0,0.04065040650406504,1,0,0,40.72229804440191,-73.95334623071395,997181.8684434708,202432.635185842,261,133,103,104,120
1.0,0.0,1.0,0.15609756097560976,0,1,0,40.74455923848353,-73.93692276765493,1001728.41565589,210545.935662202,108,107,209,277,249
0.0,0.0,3.0,0.1111111111111111,0,1,0,40.743319092356366,-73.93330923938362,1002730.0517899,210094.85266416305,107,108,208,179,277
1.0,1.0,2.0,0.18148820326678766,1,0,0,40.70843049481228,-73.80417955860142,1038540.34270114,197437.5026641269,242,228,318,326,194
0.0,0.0,2.0,0.009153318077803204,0,1,0,40.709150166157855,-73.85637322386289,1024069.46755914,197671.66310468304,264,235,258,138,314
0.0,0.0,4.0,0.0,1,0,0,40.7431990189802,-73.78748236737094,1043138.82396582,210115.5058078961,303,228,194,113,242
0.0,0.0,1.0,0.006153846153846154,1,0,0,40.74557451996262,-73.72574588464589,1060243.29866937,211028.504249235,340,248,275,316,212
0.0,0.0,2.0,0.0111731843575419,0,1,0,40.72909462319953,-74.00612794753654,982551.579172358,204905.455068275,184,335,287,186,178
0.0,0.0,2.0,0.0,0,1,0,40.732523268255314,-73.98271395995963,989040.749190733,206155.03082992,203,45,221,337,237
0.0,0.0,4.8,0.0,1,0,0,40.699259191252494,-73.94520345355619,999444.1996068092,194040.192670782,269,220,276,146,259
0.0,0.0,3.0,0.022988505747126436,1,0,0,40.65416820980713,-74.00530924043537,982776.837367005,177607.546732018,332,255,251,7,20
0.0,0.0,1.0,0.0,0,0,1,40.57768421801445,-73.96974086654984,992655.671004949,149743.829707855,205,252,28,125,143
0.0,0.0,3.0,0.003129890453834116,1,0,0,40.68731756202342,-73.98331994765549,988875.93853576,189685.19377203,42,37,281,202,137
0.0,0.0,2.0,0.0,1,0,0,40.696873941659,-73.94729692712836,998864.236026726,193170.81949321603,269,216,276,312,146
1.0,1.0,2.0,0.1348973607038123,0,1,0,40.72925622359199,-73.9823585548357,989139.487855378,204964.764071428,215,203,45,267,337
0.0,0.0,2.0,0.11619047619047619,0,1,0,40.818048875189184,-73.92793106974331,1004197.94551113,237322.616774653,200,24,247,284,17
1.0,0.0,4.0,0.0891812865497076,0,1,0,40.84334852316984,-73.90298857314164,1011091.56372807,246546.866718706,72,74,98,97,26
1.0,0.0,1.0,0.012903225806451613,1,0,0,40.68468461922944,-73.94779823486942,998727.872987422,188729.809569918,54,14,240,312,220
1.0,1.0,3.0,0.22150882825040127,1,0,0,40.66702871456307,-73.95126982284665,997768.6256392328,182296.704054892,41,183,16,81,19
0.0,0.0,1.0,0.013071895424836602,0,1,0,40.61089717425203,-74.08694536045181,960109.501377721,161854.68260312598,109,180,162,167,172
1.0,0.0,1.0,0.17670682730923695,0,1,0,40.7560600287508,-73.98440498479222,988570.562527777,214730.135888882,197,204,278,43,188
0.0,0.0,2.0,0.0,0,1,0,40.72424165023094,-73.80861282063313,1037298.6567702,203195.258858531,194,318,242,210,113
0.0,0.0,1.0,0.02564102564102564,0,1,0,40.83181361281793,-73.87858525996769,1017849.4047863,242352.691779623,201,313,77,198,101
0.0,0.0,2.0,0.004123711340206186,0,1,0,40.87796777180458,-73.91283364886897,1008355.03316813,259157.128276009,8,305,271,100,4
0.0,0.0,3.0,0.011627906976744186,1,0,0,40.50961626379372,-74.22215586625711,922474.594988035,125021.936417618,79,291,296,148,172
1.0,1.0,2.0,0.0598669623059867,0,1,0,40.78579424719732,-73.97417436429829,991401.73810587,225563.972564718,262,263,185,13,49
0.0,0.0,1.0,0.04395604395604396,1,0,0,40.64734173685779,-73.89164980562028,1014317.15400324,175139.025010655,256,306,257,311,336
0.0,0.0,2.0,0.09538461538461539,0,1,0,40.82752018514872,-73.90031876183626,1011836.82135775,240780.84924128,93,115,50,46,102
1.0,1.0,2.0,0.1440677966101695,0,1,0,40.70843092315263,-73.85554326332674,1024299.99994044,197409.99991485,264,211,258,138,314
0.0,0.0,1.0,0.06072874493927125,1,0,0,40.68217749122653,-73.75297416418262,1052763.74857404,187908.681380164,338,62,254,61,342
0.0,0.0,2.5,0.12146892655367232,0,1,0,40.73546757102058,-73.98698851783325,987855.915142624,207227.527869957,325,337,45,181,203
0.0,0.0,2.0,0.10080645161290322,0,1,0,40.7432945946255,-74.00265182304825,983515.177821294,210078.90373538103,327,30,289,128,279
1.0,0.0,3.0,0.0958904109589041,1,0,0,40.58609940429803,-73.82432708733425,1033043.91880318,152857.167754536,60,244,59,306,257
0.0,0.0,2.0,0.15789473684210525,1,0,0,40.676048005909465,-73.93944134244515,1001047.78619931,185584.734747918,273,54,224,225,41
0.0,0.0,1.0,0.13588850174216027,0,1,0,40.7465039267488,-73.98118229372186,989464.149466203,211248.714895452,161,188,181,129,227
1.0,0.0,3.0,0.1662921348314607,1,0,0,40.71403985958648,-73.79816079792299,1040204.30536007,199484.946218335,210,228,194,318,326
1.0,0.0,1.0,0.07692307692307693,1,0,0,40.71169691411045,-73.77101665359746,1047731.47970033,198649.847693851,316,326,242,342,210
1.0,1.0,5.0,0.1452728670253651,0,0,1,40.58426200020571,-73.82525041461548,1032788.79638326,152187.24368865,239,60,59,306,257
0.0,0.0,1.0,0.119533527696793,0,1,0,40.59355364137879,-73.98638457451527,988031.324300571,155524.301304529,339,322,253,123,143
0.0,0.0,2.0,0.0,0,1,0,40.83159788691572,-73.89810490334166,1012447.77913306,242267.209688487,95,73,93,234,96
0.0,0.0,2.0,0.0,0,1,0,40.81369775174433,-73.92591841470183,1004756.36846069,235737.811600327,24,200,18,222,307
0.0,0.0,1.0,0.014598540145985401,1,0,0,40.75638638752313,-73.72882026027317,1059379.22561713,214964.945419598,213,340,275,212,303
1.0,1.0,3.0,0.28859060402684567,0,1,0,40.75151424164872,-73.93690157401653,1001732.4630639,213079.87022913696,277,260,208,107,108
0.0,0.0,3.4,0.07423580786026202,1,0,0,40.67499096821415,-73.78314553113951,1044402.08156209,185268.275102143,21,62,61,338,254
1.0,1.0,3.0,0.19984387197501952,0,1,0,40.636792212456434,-74.02334915519103,977769.588748642,171277.81458384902,167,217,332,255,280
1.0,1.0,4.0,0.09557522123893805,0,0,1,40.58229670089185,-73.97193606974966,992045.328150783,151424.069099367,205,218,28,143,125
1.0,1.0,1.0,0.2366412213740458,1,0,0,40.594003065191096,-73.9859318703333,988157.024615923,155688.05767865598,123,339,322,245,143
1.0,1.0,2.0,0.125,1,0,0,40.667911038855536,-73.75763513159309,1051485.39217938,182707.413378861,338,61,62,236,250
0.0,0.0,1.0,0.017699115044247787,0,1,0,40.64280508235139,-73.99255815490021,986315.251242898,173467.69023756598,217,332,251,132,0
0.0,0.0,0.0,0.011627906976744186,1,0,0,40.64590457122047,-73.89854273413576,1012404.9752559,174613.13584563902,306,257,233,311,336
1.0,1.0,1.0,0.09397590361445783,1,0,0,40.64058250197228,-73.89870591957492,1012361.93253326,172674.10980245,306,311,256,233,295
1.0,1.0,1.0,0.13793103448275862,0,1,0,40.693244025037416,-73.86920149149935,1020521.58056045,191871.017426162,314,315,138,164,235
1.0,0.0,0.0,0.11170212765957446,1,0,0,40.70970784307739,-73.94503948881534,999487.275935798,197846.977205556,321,121,33,34,276
1.0,1.0,0.0,0.24587155963302754,0,1,0,40.756720971921546,-73.93265083429225,1002908.74212628,214977.727294475,48,249,277,170,107
0.0,0.0,1.0,0.19469026548672566,1,0,0,40.72208094131172,-73.95357785161598,997117.707815452,202353.503744618,207,133,103,104,120
0.0,0.0,0.0,0.02072538860103627,0,1,0,40.78572756391113,-73.97402406938322,991443.3655767492,225539.689873372,232,263,185,13,49
1.0,1.0,2.0,0.1661631419939577,0,1,0,40.785867280648496,-73.97433718382356,991356.641679085,225590.567893334,232,262,185,13,49
1.0,1.0,4.0,0.19548872180451127,0,1,0,40.70875747757572,-73.85595315742052,1024186.16305121,197528.786234054,235,211,258,138,314
1.0,0.0,2.0,0.215625,0,1,0,40.82134081195243,-73.85568044441065,1024194.1927965,238546.68711848,155,94,92,70,201
0.0,0.0,2.0,0.007722007722007722,0,1,0,40.8403336173912,-73.8445587887126,1027260.11819286,245471.72112208,119,25,92,94,265
0.0,0.0,4.0,0.020512820512820513,0,1,0,40.72571968834871,-73.98788842841795,987607.010983664,203676.034140511,36,287,221,45,203
0.0,0.0,0.0,0.012232415902140673,1,0,0,40.59115103768725,-73.9388145009071,1001243.26411003,154654.612792233,110,145,111,28,205
0.0,0.0,0.0,0.0821917808219178,1,0,0,40.69693091988704,-73.94685235716975,998987.499915615,193191.652826549,220,216,276,312,146
1.0,0.0,2.0,0.11305732484076433,0,1,0,40.85457934110438,-73.89705908431064,1012727.3524479,250640.549304832,64,2,283,99,1
0.0,0.0,2.0,0.18092909535452323,0,1,0,40.87793451517263,-73.91309182743056,1008283.64836421,259144.940626559,8,305,4,230,100
1.0,1.0,1.0,0.0583756345177665,0,1,0,40.87478079446956,-73.86126369825305,1022618.04645092,258014.376279512,114,153,152,134,151
0.0,0.0,2.0,0.07455012853470437,1,0,0,40.67889928765378,-73.93156558655181,1003231.55474669,186625.146717347,240,136,323,308,147
1.0,1.0,10.0,0.076158940397351,0,1,0,40.76522348892421,-73.82665468378723,1032268.27715143,218115.81165770305,23,113,303,35,212
1.0,1.0,7.0,0.10458360232408005,1,0,0,40.73351599571765,-73.73902095986561,1056577.99728212,206623.98360063304,340,213,248,316,243
1.0,0.0,4.0,0.1178343949044586,0,1,0,40.70368844266879,-73.95376323992372,997069.857208814,195652.531991364,146,216,220,269,259
1.0,1.0,4.0,0.07752808988764046,0,1,0,40.751183171267726,-73.93751146767299,1001563.56800818,212959.129498395,249,208,260,108,107
1.0,0.0,1.0,0.1915367483296214,0,1,0,40.76359984309865,-73.990760021512,986809.624700311,217476.887465479,43,85,87,204,12
1.0,1.0,2.0,0.24444444444444444,0,1,0,40.74245969062989,-74.00252214976527,983551.101628203,209774.7205611569,178,30,238,327,289
1.0,1.0,4.0,0.1088139281828074,0,0,1,40.60497800947185,-73.99473327362772,985712.44370113,159686.24107435902,253,339,245,123,322
1.0,1.0,2.6,0.1422680412371134,1,0,0,40.6851447862658,-73.99321340054114,986132.213224246,188893.220804643,202,37,219,9,42
0.0,0.0,3.0,0.1650943396226415,0,1,0,40.83964975318771,-73.91158364189016,1008714.80198195,245196.74990727,118,26,98,72,223
1.0,1.0,4.0,0.24173027989821882,0,1,0,40.85912439301201,-73.88834755007228,1015135.18052256,252299.43695223104,1,2,99,270,64
1.0,0.0,2.0,0.22244094488188976,0,1,0,40.82184217096729,-73.92383755305644,1005329.7873129,238705.609665609,17,285,307,222,344
1.0,1.0,2.0,0.16385135135135134,0,1,0,40.82240841762338,-73.92354970333966,1005409.2765671,238911.983183682,17,284,307,222,344
0.0,0.0,0.4,0.14285714285714285,1,0,0,40.69183938550972,-73.93168973298668,1003193.44400028,191339.572198219,308,53,147,269,216
0.0,0.0,1.0,0.06451612903225806,0,1,0,40.72981842984989,-73.99240064531433,986356.212887942,205169.192340939,267,337,45,325,237
0.0,0.0,3.0,0.02553191489361702,0,1,0,40.81776855696268,-73.89806119348293,1012465.73855088,237228.6984905789,328,91,156,190,93
1.0,1.0,3.0,0.06838905775075987,0,1,0,40.743507370165,-74.00230300485428,983611.837645575,210156.421912312,128,30,238,327,279
0.0,0.0,5.0,0.003968253968253968,0,1,0,40.81135020903304,-73.90945903790441,1009313.33663826,234886.799594881,192,65,317,191,3
1.0,1.0,1.0,0.21333333333333335,0,0,1,40.58197254712088,-74.15895979970787,940095.4875755308,151344.785943106,296,109,148,172,177
1.0,0.0,2.0,0.1262135922330097,0,1,0,40.69701694996476,-73.91148143949889,1008795.59380469,193230.927188103,117,116,22,58,147
1.0,0.0,1.0,0.14345991561181434,1,0,0,40.63342973521768,-73.91736982816201,1007184.6372309,170062.726946115,309,299,298,295,319
0.0,0.0,2.0,0.1994535519125683,1,0,0,40.64822209487369,-73.92226801175006,1005820.32690169,175450.738898559,297,319,302,336,309
0.0,1.0,1.0,0.018018018018018018,1,0,0,40.63388330288249,-73.91658318727859,1007402.81800816,170228.180702207,299,293,309,298,311
1.0,1.0,2.0,0.2550607287449393,0,0,1,40.582294168921024,-74.15865417448188,940180.593704522,151461.80670644302,291,109,148,172,177
1.0,0.0,2.0,0.24006622516556292,1,0,0,40.648198079186784,-73.92284476551356,1005660.28770518,175441.847832086,294,319,302,336,309
1.0,0.0,3.0,0.15281501340482573,1,0,0,40.63317551099139,-73.91777627958808,1007071.91049598,169970.000115778,293,309,299,295,319
1.0,0.0,2.0,0.1323529411764706,1,0,0,40.633654015016326,-73.9169634108967,1007297.36396582,170144.544737589,295,293,309,298,319
1.0,0.0,1.0,0.08492201039861352,0,1,0,40.8440730705674,-73.88437708924286,1016240.72273116,246817.096332851,199,101,64,71,97
1.0,0.0,2.0,0.16666666666666666,0,1,0,40.84964798604421,-73.91562710898954,1007592.46653881,248838.377503948,118,282,26,223,122
0.0,0.0,1.0,0.028037383177570093,1,0,0,40.65584312593569,-73.90685209533555,1010095.2302733,178231.461978657,336,6,57,256,319
1.0,0.0,2.0,0.14143094841930118,0,0,1,40.76467667521481,-73.78975747653071,1042489.60960557,217938.968518786,212,274,23,113,194
1.0,0.0,3.0,0.055944055944055944,0,1,0,40.79260948947317,-73.94189737300219,1000338.36342875,228051.280826404,160,31,187,127,40
0.0,0.0,2.0,0.06006006006006006,0,1,0,40.87805389398685,-73.91297204765341,1008316.729127,259188.467946024,230,100,271,8,4
1.0,1.0,1.0,0.06734006734006734,1,0,0,40.6408503491865,-73.89828991700519,1012477.27149159,172771.827531027,257,311,256,233,295
0.0,0.0,1.0,0.0,0,1,0,40.818314725449305,-73.9196678599256,1006485.0283526,237421.4651673589,284,17,285,18,65
0.0,0.0,1.0,0.11811023622047244,1,0,0,40.69118734061019,-73.93343265470679,1002710.28673637,191101.641065528,286,53,147,269,220
1.0,1.0,2.0,0.061224489795918366,1,0,0,40.63370442872617,-73.91767081761898,1007101.00126628,170162.726469028,293,298,299,295,319
1.0,0.0,2.0,0.22008547008547008,0,1,0,40.743293521061176,-73.87080200145637,1020050.85102602,210104.902993859,320,334,173,35,166
1.0,0.0,2.0,0.15463917525773196,1,0,0,40.64029708568993,-73.89914503383662,1012240.18585504,172569.98435396698,257,306,256,233,295
0.0,0.0,2.0,0.008583690987124463,1,0,0,40.6923682271954,-73.95859342744255,995732.562603227,191527.57236048696,14,174,220,269,224
1.0,0.0,2.0,0.049773755656108594,0,1,0,40.83199589620244,-73.87864107683247,1017833.86644631,242419.082868655,229,201,77,198,101
1.0,1.0,2.0,0.11246943765281174,1,0,0,40.69314280007701,-73.86962754022069,1020403.48846596,191833.9621079,258,315,138,164,235
1.0,1.0,1.0,0.057057057057057055,0,1,0,40.69264292033015,-73.86930241205147,1020493.92117597,191651.975773005,314,138,258,164,235
1.0,0.0,4.0,0.09655172413793103,1,0,0,40.705458857238185,-73.75278542157609,1052792.15917257,196390.882670115,342,243,236,326,275
0.0,0.0,2.0,0.1040339702760085,0,1,0,40.810131331244776,-73.91813708618047,1006911.51542722,234440.355252655,18,192,290,247,307
0.0,0.0,1.0,0.018779342723004695,1,0,0,40.72068440976139,-73.81950602325836,1034281.95606649,201892.8401251369,194,228,210,242,113
0.0,1.0,1.0,0.15512465373961218,1,0,0,40.64826073700204,-73.92167201619002,1005985.70073808,175464.964604915,294,297,302,336,309
1.0,0.0,3.0,0.08136482939632546,0,1,0,40.74321912587269,-73.87107544661036,1019975.1191395,210077.686847142,310,334,173,35,166
0.0,0.0,2.0,0.08022388059701492,0,1,0,40.70975296254475,-73.94450943301695,999634.2184021708,197863.50823302305,121,259,33,34,276
1.0,1.0,2.0,0.21254355400696864,0,1,0,40.59355359142899,-73.98596933645467,988146.645690802,155524.301304529,339,245,123,253,143
1.0,1.0,1.0,0.059322033898305086,1,0,0,40.67802001566564,-73.91547347050654,1007695.30967052,186308.699796409,136,157,147,273,6
1.0,1.0,2.0,0.12522686025408347,0,1,0,40.87036781996312,-73.89768775204911,1012546.72057961,256392.697008285,75,51,11,52,5
1.0,0.0,2.0,0.1634980988593156,0,1,0,40.73557130525733,-73.98726505073445,987779.273170008,207265.31025400103,237,337,45,181,203
0.0,0.0,1.6,0.15112540192926044,1,0,0,40.697212849709416,-73.7868817430549,1043346.01892206,193361.785768505,21,210,243,242,250
0.0,0.0,2.0,0.23433874709976799,0,1,0,40.7433665863841,-74.00283822253587,983463.527231706,210105.134245871,238,30,128,289,279
1.0,0.0,1.0,0.03076923076923077,0,1,0,40.81759995639385,-73.89775986388821,1012549.21551176,237167.368478502,288,91,156,190,93
1.0,1.0,2.0,0.16119402985074627,0,1,0,40.81072940327709,-73.9560455997262,996417.4690769208,234650.717836747,331,89,149,90,32
1.0,0.0,1.0,0.01834862385321101,0,1,0,40.86553720499957,-73.9249924518648,1004996.50967611,254625.0721642669,69,271,4,8,230
1.0,0.0,1.0,0.1558073654390935,1,0,0,40.81554736903607,-73.9555211849746,996561.746390136,236406.147988437,329,149,90,32,89
1.0,0.0,5.0,0.16324981017463933,0,1,0,40.65543479305207,-74.00421825756422,983079.576185339,178068.981679685,217,255,20,7,251
1.0,0.0,3.0,0.08024691358024691,0,1,0,40.85080379818979,-73.93302907626128,1002777.74574094,249255.324701682,122,69,195,301,330
0.0,0.0,1.0,0.01762114537444934,0,1,0,40.7431349911371,-73.87135318028037,1019898.20394226,210046.920768245,320,310,173,35,166
1.0,1.0,2.0,0.26593406593406593,0,1,0,40.72443844040092,-74.00488357382605,982896.374989435,203209.04151843,184,214,287,36,88
0.0,0.0,2.0,0.020100502512562814,1,0,0,40.6558808785179,-73.90654153970003,1010181.38370843,178245.308066445,302,6,57,256,56
1.0,1.0,3.0,0.14221218961625282,0,1,0,40.73525665369699,-73.98717229868957,987804.994598641,207150.676542211,237,325,45,181,203
1.0,1.0,0.8,0.1369150779896014,1,0,0,40.66834835300903,-73.75746516704966,1051532.10145889,182866.869195094,254,62,61,236,250
0.0,0.0,1.0,0.13448275862068965,1,0,0,40.59371505543293,-73.98623090314517,988073.9932149572,155583.115213546,245,322,253,123,143
1.0,1.0,4.0,0.19857524487978628,1,0,0,40.74444764944646,-73.72897414425906,1059350.05068116,210615.167144214,213,248,275,316,212
1.0,0.0,2.0,0.06759443339960239,0,1,0,40.77496863683251,-73.98608372433522,988104.377226677,221619.088133272,49,13,343,159,82
0.0,0.0,1.0,0.2222222222222222,1,0,0,40.69838115655571,-73.74549792374674,1054820.16067996,193818.062362297,316,236,243,338,62
1.0,0.0,2.6,0.10256410256410256,0,1,0,40.77469994671144,-73.9854536584838,988278.902202246,221521.223660991,13,49,341,159,82
1.0,0.0,3.0,0.1621271076523995,0,1,0,40.827512393156994,-73.91899817729983,1006667.29014543,240772.678844645,285,17,284,307,3
