,Black,Hispanic,Other,White,X,Y,AP and/or IB,Calculus,FTE School Counselors,lat,long,Total_SAT_ACT,Total_students
0,81.7,10.8,4.199999999999989,3.3,995847.9967358492,175968.536711235,Yes,Yes,1.0,40.64966201204187,-73.9582039380805,65.0,398.0
1,30.5,64.3,3.6000000000000085,1.6,1015242.82255657,252441.98991620002,Yes,Yes,2.0,40.85951528052686,-73.88795775660009,94.0,426.0
2,33.3,60.9,4.0,1.8,1014903.89561163,252463.80924742,Yes,No,1.0,40.85957635133117,-73.88918291128678,113.0,381.0
3,25.4,72.5,1.5999999999999943,0.5,1008782.3972007,237439.88098177305,Yes,No,1.0,40.81835919026026,-73.91136771611731,41.0,382.0
4,22.2,60.8,12.099999999999994,4.9,1008238.37995196,259178.02138935198,Yes,Yes,1.0,40.87802543473587,-73.91325540415205,103.0,451.0
5,3.5,14.1,26.0,56.4,1013247.39375991,257995.271519485,Yes,Yes,1.5,40.874764118079426,-73.89514739966005,198.0,369.0
6,80.3,16.4,2.8000000000000114,0.5,1008699.4664994,181794.933356778,Yes,Yes,0.0,40.66562802801845,-73.91186959485964,58.0,371.0
7,30.2,58.2,4.5,7.1,980305.708664472,186230.467155405,Yes,No,1.0,40.67783545413146,-74.01422016981877,2.0,182.0
9,32.1,64.0,2.0999999999999943,1.8,1008321.95240533,259120.565327659,No,No,1.0,40.877867508165934,-73.91295340371394,44.0,386.0
10,39.5,45.2,5.400000000000006,9.9,983753.706894391,186892.682217795,No,No,3.0,40.67965394939385,-74.00178931119825,92.0,679.0
11,32.0,54.8,10.200000000000003,3.0,987240.174701856,200600.265307077,Yes,No,0.0,40.71727757718351,-73.98921328291419,54.0,434.0
12,18.0,75.8,4.1000000000000085,2.1,1012631.65771945,256533.02793498,No,No,3.0,40.87075271247328,-73.89738005131738,70.0,472.0
13,0.4,98.8,0.3999999999999915,0.4,986160.972513058,218259.006169867,Yes,Yes,2.0,40.765746721003424,-73.99310136596391,76.0,511.0
14,15.1,38.0,31.799999999999997,15.1,988285.426500398,221606.03953696802,No,No,1.0,40.774932741060034,-73.98543005158731,158.0,445.0
15,82.9,7.7,7.5,1.9,997003.081161195,189017.28244632,Yes,Yes,2.0,40.685476319649574,-73.95401664020147,58.0,363.0
16,14.2,55.4,21.900000000000006,8.5,998984.187333869,212013.4136846,Yes,Yes,5.0,40.74859209463717,-73.94682309798773,110.0,961.0
17,80.6,16.3,1.1000000000000085,2.0,995032.722590544,183292.0937606161,Yes,No,2.0,40.6697645918719,-73.96113025545259,51.0,355.0
18,28.3,69.1,1.0000000000000142,1.6,1005378.27520552,238813.773685945,No,No,3.0,40.82213893465186,-73.92366202311439,49.0,427.0
19,19.8,78.6,0.9000000000000057,0.7,1006216.25008127,235586.39598976602,Yes,No,2.0,40.81327864896564,-73.92064492485245,62.0,597.0
20,80.3,10.7,6.700000000000003,2.3,994944.011725062,183315.74999141105,Yes,Yes,2.0,40.669829630534586,-73.96145000434191,17.0,431.0
21,49.6,36.3,8.300000000000011,5.8,990044.64343487,183143.71312598398,No,No,1.4,40.66936199020121,-73.9791114958813,36.0,226.0
23,65.2,19.1,14.0,1.7,1044296.7170688,189301.67573700397,Yes,No,2.0,40.68606241896701,-73.78348943957255,100.0,586.0
24,11.2,77.0,6.799999999999997,5.0,1008136.50314555,193402.975812692,Yes,No,1.0,40.69749098670753,-73.9138577006796,61.0,383.0
25,37.1,41.1,14.900000000000006,6.9,1031808.71589458,218257.81625352602,No,No,3.0,40.76561573826413,-73.82831268455399,12.0,448.0
26,27.6,69.4,1.799999999999983,1.2,1003548.31844298,236465.82263808802,No,No,1.0,40.81569865945887,-73.93028053744817,42.0,330.0
27,27.1,60.0,3.6999999999999886,9.2,1021759.69232458,249561.78952067305,Yes,No,2.0,40.8515847160604,-73.86441475231047,33.0,502.0
28,29.4,65.2,4.099999999999994,1.3,1008845.01031528,245213.676990603,No,No,2.0,40.8396958513961,-73.91111300421969,22.0,310.0
29,6.1,50.3,28.200000000000003,15.4,1009034.47742668,215395.76405589105,Yes,Yes,11.0,40.75785332640745,-73.91053832202948,253.0,2434.0
30,67.3,18.1,6.799999999999997,7.8,994410.348267943,151652.78596891699,Yes,No,4.0,40.582922088143135,-73.96342142715795,39.0,554.0
31,68.0,28.4,2.799999999999997,0.8,1013092.08759708,184799.06207714693,Yes,No,3.0,40.6738604646118,-73.89602313857631,40.0,500.0
32,23.9,54.1,13.300000000000011,8.7,983566.8173332772,210050.141984006,No,No,0.0,40.74321565493945,-74.00246546368318,18.0,218.0
33,24.9,60.5,11.099999999999994,3.5,998881.796866508,228159.96174764802,Yes,No,1.0,40.79291032093957,-73.94715747998642,88.0,489.0
34,67.9,25.0,0.0,7.1,998881.431405502,237101.58659096,No,No,0.0,40.81745261524293,-73.94713931285688,4.0,28.0
35,35.9,61.6,1.7999999999999972,0.7,1000958.13889124,198626.97086664801,No,No,2.0,40.71184608463976,-73.93973218519481,94.0,946.0
36,41.5,53.8,3.3000000000000114,1.4,1001112.64041718,198675.61023592605,Yes,No,2.0,40.711979294990094,-73.93917476213808,71.0,509.0
37,9.2,76.6,10.5,3.7,1024868.52110484,208039.827915503,No,Yes,3.0,40.73760459585407,-73.85342850909137,154.0,828.0
38,33.3,53.6,6.300000000000011,6.8,986878.5257029808,202425.23866362,No,No,1.0,40.72228680440021,-73.99051717808567,14.0,237.0
39,63.8,25.6,6.400000000000006,4.2,986747.99991336,188738.99725311602,Yes,No,5.0,40.684721325485015,-73.99099314732364,57.0,589.0
40,28.4,34.0,9.200000000000003,28.4,995451.546808947,218227.353891981,No,No,0.0,40.765652953708326,-73.95956233519067,21.0,162.0
41,26.9,40.7,29.5,2.9,988681.9612933621,198801.76226326101,Yes,Yes,2.0,40.71234051142413,-73.98401338497996,55.0,349.0
42,30.8,60.0,7.599999999999994,1.6,999232.031013895,224660.51858737692,Yes,Yes,3.0,40.78330470209375,-73.94590042008831,45.0,617.0
44,84.3,8.7,3.5,3.5,996694.3622750741,183214.2552842461,No,No,1.0,40.6695487629456,-73.95514049270359,4.0,115.0
45,68.6,22.2,6.800000000000011,2.4,989714.8822832508,188470.21445628692,Yes,No,4.0,40.68398224352315,-73.98029589827242,146.0,924.0
46,40.8,53.5,4.300000000000011,1.4,986774.022611783,217495.471742093,No,No,1.0,40.763650862383216,-73.99088853436326,14.0,142.0
47,30.9,57.2,9.5,2.4,980652.7103095821,196360.15069021305,Yes,No,3.0,40.70563924481953,-74.01297455017796,64.0,537.0
48,30.0,39.3,24.900000000000006,5.8,988591.1865853141,206219.125053675,Yes,Yes,3.6,40.7326994232301,-73.98433603588042,30.0,743.0
49,17.8,76.2,4.799999999999997,1.2,1010770.51694183,240652.483198628,Yes,Yes,0.0,40.82717112326557,-73.90417221252942,55.0,411.0
50,67.3,23.7,6.200000000000003,2.8,990095.313701381,183236.946416364,Yes,No,1.4,40.66961786144547,-73.97892875909895,40.0,358.0
51,13.6,33.6,17.400000000000006,35.4,1005027.53997658,214827.245192824,Yes,Yes,3.0,40.75630321189787,-73.9250034525227,219.0,825.0
52,34.0,60.1,3.5999999999999943,2.3,988195.7174008059,221653.340698571,Yes,No,2.0,40.77506261083342,-73.98575391942335,16.0,576.0
53,24.6,71.8,2.5999999999999943,1.0,1010846.07849419,240625.87701822,No,No,3.0,40.82709786972715,-73.90389928823154,14.0,394.0
54,24.2,70.0,4.599999999999994,1.2,1012677.8192084999,256440.70495689104,Yes,No,2.0,40.87049916576592,-73.89721353643812,36.0,426.0
55,18.9,75.2,3.9000000000000057,2.0,1012755.37051009,256396.38992740802,Yes,No,3.0,40.87037728454207,-73.89693332298772,56.0,512.0
56,17.9,79.2,2.1999999999999886,0.7,1004321.93453375,192550.40128354105,No,No,2.0,40.695160342622884,-73.9276167776118,46.0,274.0
57,82.6,13.7,2.5,1.2,998831.960232046,188749.174638685,No,No,1.0,40.6847376010444,-73.94742289359158,6.0,161.0
58,75.1,22.7,1.7000000000000028,0.5,1013290.55559155,182303.49287301602,Yes,Yes,1.0,40.66701004128184,-73.89531840558097,28.0,441.0
59,73.3,18.3,6.799999999999997,1.6,1013316.28587831,182180.258341711,Yes,No,2.0,40.66667170571423,-73.89522618782354,38.0,251.0
60,87.8,9.8,1.5999999999999943,0.8,1008611.2455695999,181775.012501662,Yes,No,1.0,40.66557359290329,-73.912187667281,57.0,254.0
61,31.9,64.5,0.8000000000000114,2.8,1007764.12108793,192778.90875324,Yes,No,2.0,40.695779065814094,-73.91520280617459,4.0,248.0
63,59.8,36.0,3.0999999999999943,1.1,1050002.26709676,158457.057043556,No,No,2.2,40.6013603485832,-73.7632176495131,14.0,378.0
64,49.3,28.2,8.900000000000006,13.6,1033301.403941,153012.81628117198,Yes,No,3.0,40.58652520656777,-73.82339893545695,136.0,738.0
65,83.1,7.3,8.200000000000003,1.4,1051300.16572618,182755.73332317398,No,Yes,2.0,40.66804507055241,-73.7583023373958,56.0,510.0
66,76.1,11.6,11.5,0.8,1051337.21101682,182913.578474597,Yes,No,3.0,40.66847803802085,-73.75816722902456,141.0,502.0
68,46.5,48.8,3.0999999999999943,1.6,1000871.48427341,233573.57357594,Yes,No,1.0,40.80776568446266,-73.93995835424721,8.0,254.0
69,26.8,61.0,12.200000000000003,0.0,1013700.89574211,248362.82748970305,No,No,0.4,40.8483244810367,-73.89354989547894,4.0,228.0
70,37.4,55.8,2.5,4.3,1008674.76217168,237018.478324879,No,No,1.0,40.81720285720246,-73.91175812055413,2.0,163.0
71,86.3,7.7,6.0,0.0,1005357.93681095,182026.549853075,Yes,No,1.0,40.66627236061389,-73.92391372168342,4.0,168.0
72,54.4,35.4,8.0,2.2,980656.399322377,196282.115783935,Yes,No,3.0,40.705425058890796,-74.01296120316022,71.0,362.0
73,26.3,55.7,14.899999999999991,3.1,987159.0097412759,200630.168187291,No,No,1.0,40.71735968047609,-73.98950606340519,57.0,357.0
74,4.6,92.1,1.700000000000017,1.6,1003595.28461467,252956.791899253,No,Yes,3.0,40.86096146338974,-73.9300632959218,82.0,607.0
75,25.4,67.8,5.400000000000006,1.4,1017196.36110789,238404.236264876,Yes,No,2.0,40.82097869739511,-73.88096448321888,13.0,276.0
76,26.7,68.9,2.499999999999986,1.9,1014613.68352888,243957.14383570003,No,No,2.0,40.836229084606295,-73.8902705800502,36.0,363.0
77,20.2,75.1,3.700000000000003,1.0,1011398.62643747,245116.207035034,Yes,Yes,1.0,40.83942084354956,-73.90188457221085,95.0,405.0
78,25.8,63.9,8.799999999999997,1.5,1011213.23185851,243111.172967277,Yes,Yes,3.0,40.833918177083454,-73.90256264986294,82.0,457.0
79,37.2,60.6,1.0999999999999943,1.1,1012514.49175426,245994.037547238,Yes,No,1.0,40.84182672985439,-73.89784812693496,6.0,180.0
80,4.7,85.3,7.900000000000006,2.1,1012587.34268997,256455.476633385,No,No,1.0,40.87054000039903,-73.8975406096081,4.0,469.0
81,12.4,65.6,14.5,7.5,1024928.08199578,262877.128740257,No,No,2.0,40.88811717326213,-73.85288124764907,86.0,372.0
82,18.2,75.1,5.700000000000003,1.0,1017803.51413718,242640.700010792,Yes,Yes,2.0,40.832604286311664,-73.87874964953201,67.0,696.0
83,74.3,22.3,2.700000000000003,0.7,1013409.7274459999,182196.50904913602,No,Yes,1.0,40.66671600299901,-73.89488929362994,20.0,300.0
84,1.9,12.5,6.599999999999994,79.0,930754.4413044921,131639.29062291302,Yes,Yes,13.8,40.527833417332616,-74.1924323767639,884.0,3907.0
85,70.6,26.4,2.4000000000000057,0.6,1013381.28870801,182318.389354822,No,No,2.0,40.66705063070175,-73.89499127865929,29.0,333.0
86,79.9,13.2,3.8999999999999915,3.0,995059.3358501879,183398.54679919398,Yes,No,1.0,40.67005674919287,-73.96103414882681,23.0,234.0
87,37.0,55.3,5.400000000000006,2.3,987401.375894494,219075.822981032,No,No,1.0,40.76798831636322,-73.98862311172535,4.0,311.0
88,25.9,56.1,15.900000000000006,2.1,987961.23929763,199185.29688537802,No,No,1.0,40.71339355423471,-73.98661290403824,19.0,189.0
89,16.4,16.4,25.0,42.2,990882.022220995,200964.977838614,No,Yes,3.0,40.718276645000294,-73.976075370976,152.0,536.0
90,40.5,52.9,4.900000000000006,1.7,986187.6104280159,218153.665324354,Yes,No,2.0,40.76545758182302,-73.99300523313309,26.0,410.0
91,38.4,43.5,10.200000000000003,7.9,987200.304194905,200494.89325299105,Yes,Yes,0.0,40.71698836955439,-73.98935715744109,48.0,354.0
92,24.1,68.0,6.199999999999989,1.7,986116.1723833572,218194.833011106,Yes,Yes,1.0,40.7655705918482,-73.99326311279373,59.0,403.0
93,31.7,51.3,15.5,1.5,986049.967008359,200274.001616397,Yes,No,1.0,40.71638238378283,-73.99350690979142,126.0,476.0
94,68.0,26.1,4.599999999999994,1.3,996977.862568952,231666.846180596,Yes,No,3.0,40.80253871058471,-73.9540268625217,32.0,394.0
95,34.9,61.4,2.0,1.7,998812.714131836,237057.683888341,No,No,3.0,40.81733222822147,-73.94738767101096,22.0,407.0
96,22.6,75.7,1.0,0.7,1013870.25516849,238202.239922702,Yes,No,1.0,40.82043605431561,-73.89298261467172,25.0,588.0
97,28.3,67.5,3.299999999999997,0.9,1024237.74824921,238775.2370483289,Yes,Yes,2.0,40.82196791898357,-73.85552171559064,56.0,459.0
98,44.0,51.2,3.1999999999999886,1.6,1012702.42903795,240771.8447412889,No,No,1.0,40.82749272437401,-73.89719104687674,6.0,125.0
99,28.2,61.9,8.600000000000009,1.3,1024070.53223338,238742.08214863692,Yes,No,1.0,40.821877673685634,-73.85612607338022,26.0,312.0
100,21.7,76.6,0.7999999999999972,0.9,1011801.529658,243509.960694506,Yes,No,2.0,40.8350109179251,-73.90043507496307,102.0,738.0
101,44.6,51.1,1.9000000000000057,2.4,1010853.80942333,243128.83074779602,Yes,No,2.0,40.83396773258612,-73.90386142788944,89.0,419.0
102,57.3,39.4,2.9000000000000057,0.4,1012701.07005435,247240.29592335198,No,No,2.0,40.84524674266198,-73.89716851969193,42.0,569.0
103,33.8,64.1,1.5000000000000142,0.6,1011347.58361759,245016.611288925,Yes,Yes,2.0,40.839147639133074,-73.90206944375667,91.0,624.0
104,20.2,75.3,2.299999999999997,2.2,1015010.08302356,252606.36221139,Yes,Yes,3.0,40.85996724670546,-73.88879837871407,99.0,583.0
105,32.1,63.9,2.1999999999999886,1.8,1008278.42508587,259223.289801595,Yes,No,3.0,40.87814957351821,-73.91311043430615,72.0,396.0
106,26.2,71.0,2.200000000000003,0.6,1015322.86267513,244177.889167103,Yes,No,4.0,40.8368324993692,-73.88770670195008,26.0,669.0
107,25.8,70.3,3.0,0.9,1010699.21237834,240671.63964852106,No,No,2.0,40.82722391603723,-73.90442978482096,17.0,445.0
108,30.5,60.3,4.799999999999997,4.4,996731.942402199,199937.379283156,Yes,Yes,2.0,40.71544981416614,-73.95497403722071,84.0,574.0
109,15.1,70.4,4.700000000000003,9.8,996841.141274985,199848.141494643,Yes,Yes,2.0,40.71520472307666,-73.95458029240288,173.0,683.0
110,87.5,7.4,3.700000000000003,1.4,1000026.27410743,179438.84763034,No,No,2.0,40.65918079754624,-73.94313843550091,25.0,296.0
111,26.2,47.1,16.39999999999999,10.3,994966.189441433,183422.20302998892,No,No,1.0,40.67012179349045,-73.96136988842952,66.0,416.0
112,1.9,49.3,35.3,13.5,1002249.20352769,210529.551402757,No,Yes,1.0,40.74451322315896,-73.93504335936011,54.0,519.0
113,7.2,52.0,25.5,15.3,1001713.52871279,210446.193143415,Yes,Yes,1.0,40.74428549970047,-73.93697675157267,140.0,515.0
114,10.6,26.9,15.200000000000017,47.3,949682.4217523392,156964.516564114,Yes,Yes,10.0,40.59744013622724,-74.12447486642974,616.0,3388.0
115,52.8,19.6,13.099999999999994,14.5,1001767.35052924,155541.214072339,No,No,1.0,40.59358355944392,-73.93692519118345,10.0,235.0
117,17.7,17.8,20.799999999999997,43.7,998665.934185192,161489.362797754,Yes,Yes,12.0,40.609915603749016,-73.94807977862936,450.0,3250.0
118,23.4,36.4,37.300000000000004,2.9,1029608.53802898,186697.132132692,Yes,Yes,14.0,40.67900101142758,-73.83646802338329,191.0,2386.0
119,18.7,46.9,29.400000000000006,5.0,1032947.50490479,208417.476777732,Yes,Yes,15.0,40.73860035257034,-73.8242729220213,742.0,3562.0
121,39.4,57.4,2.4000000000000057,0.8,1022663.71634239,258109.057761833,No,No,3.0,40.87504046700075,-73.86109801636327,40.0,498.0
122,34.4,63.8,1.200000000000017,0.6,1010920.57579933,240604.592073894,No,No,2.0,40.827039224022535,-73.90363018886283,21.0,326.0
123,22.5,73.2,2.5999999999999943,1.7,1008723.97922135,193154.10427143693,Yes,Yes,2.0,40.69680628737677,-73.91173998151201,4.0,231.0
124,21.1,75.1,2.0,1.8,1008720.07297135,193285.614688103,Yes,Yes,2.0,40.69716726349792,-73.91175359075525,46.0,389.0
126,36.8,59.1,3.4000000000000057,0.7,1008736.93739861,245252.739490603,Yes,No,2.0,40.83980336687047,-73.91150343961368,23.0,296.0
127,22.7,53.5,13.200000000000003,10.6,1028830.6160493,245528.744692532,Yes,Yes,6.0,40.840482341483714,-73.83888254643075,185.0,1090.0
128,72.2,24.2,2.9000000000000057,0.7,995258.2822504521,198642.765285987,Yes,No,3.0,40.711898364324405,-73.96029207016724,106.0,587.0
129,29.8,67.2,1.5,1.5,999751.7723752692,197878.20247966,Yes,No,2.4,40.709793089582526,-73.94408538447844,52.0,265.0
130,3.3,94.0,1.0,1.7,1003394.72925605,248622.241311465,Yes,No,1.4,40.84906485587616,-73.93080071851759,64.0,761.0
131,23.8,26.8,9.5,39.9,988231.983519573,155630.396983541,Yes,Yes,2.0,40.59384476481535,-73.98566199776099,51.0,596.0
132,38.6,5.5,22.400000000000006,33.5,989558.00193929,193528.57684807398,Yes,No,2.0,40.69786637738003,-73.98085755819703,35.0,236.0
133,53.8,29.3,2.0,14.9,988214.435990587,149543.522094748,No,No,2.0,40.57713751154208,-73.9857287521889,4.0,208.0
134,14.8,64.1,14.800000000000011,6.3,987489.47881569,219031.227675242,Yes,Yes,5.0,40.76786588197722,-73.98830506989955,229.0,1261.0
135,40.3,50.6,6.099999999999994,3.0,1002603.41898985,230368.99469226602,Yes,No,1.0,40.79896656962973,-73.93371086356291,20.0,233.0
136,31.1,62.7,4.299999999999983,1.9,983515.327622943,210213.35906114397,No,No,2.0,40.7436636409239,-74.00265129713091,30.0,370.0
137,11.8,61.5,18.299999999999997,8.4,986456.5769832521,209583.28346665105,Yes,Yes,0.0,40.7419339958626,-73.99203707729225,128.0,441.0
138,25.0,58.3,10.0,6.7,995407.934355914,218151.87080019398,Yes,Yes,0.0,40.765445827311176,-73.95971990174056,57.0,460.0
139,16.0,46.6,24.900000000000006,12.5,995340.838274326,218183.741438949,No,No,0.0,40.765533388395035,-73.95996206570503,63.0,343.0
140,80.8,11.2,4.900000000000006,3.1,995857.227137915,175891.616694014,Yes,No,2.0,40.64945087121474,-73.95817080656559,24.0,224.0
141,52.0,42.7,3.9000000000000057,1.4,996633.3111622628,200020.74616453,Yes,Yes,3.0,40.71567877488274,-73.95532967510394,114.0,515.0
142,40.0,50.4,6.800000000000011,2.8,1022693.79163678,258203.739244153,No,No,3.4,40.875300207220214,-73.86098872255015,64.0,460.0
144,4.0,8.4,25.099999999999994,62.5,997186.1239895921,219902.74968743892,Yes,Yes,2.0,40.77024911172401,-73.95329727554831,190.0,549.0
146,82.5,14.4,2.0999999999999943,1.0,1005930.77569091,187036.40941201602,No,No,1.0,40.68002191056139,-73.92183273656597,20.0,194.0
147,70.8,21.0,6.700000000000003,1.5,987477.853930125,192388.275898937,Yes,Yes,0.0,40.694737519494296,-73.98835981848852,111.0,463.0
148,0.9,97.2,-1.4210854715202004e-14,1.9,1020693.12036234,191710.861859292,Yes,No,1.0,40.692803730827826,-73.86858377125427,19.0,211.0
149,44.3,49.6,2.3000000000000114,3.8,996576.8988222741,223793.261777812,No,No,3.0,40.780928414613655,-73.95548959721727,4.0,341.0
150,31.4,56.6,3.4000000000000057,8.6,1002234.13718121,232815.66470535198,No,No,0.0,40.80568276571231,-73.93503808685395,0.0,606.0
151,30.0,62.0,4.200000000000003,3.8,1000206.67064836,231746.087514012,No,No,1.0,40.80275096523185,-73.94236419761162,0.0,263.0
152,76.2,20.1,1.7999999999999972,1.9,992839.08338586,187932.583481436,No,No,3.0,40.682504088836296,-73.96903200934395,0.0,214.0
153,43.5,20.7,15.700000000000003,20.1,989418.42889419,153488.19539452,No,No,1.0,40.58796423804369,-73.98139158049587,0.0,527.0
154,67.4,11.1,16.39999999999999,5.1,997234.756941953,168988.935249731,No,No,4.0,40.63050257823517,-73.9532198604663,151.0,602.0
155,9.2,9.8,23.0,58.0,1002270.59744282,150684.728885908,Yes,Yes,3.0,40.580252469701314,-73.93512609881802,285.0,1051.0
156,8.8,84.4,5.200000000000003,1.6,996469.945564143,196281.667373782,No,No,2.8,40.705416119852266,-73.95592577024044,27.0,250.0
157,70.1,24.1,4.300000000000011,1.5,1006209.25388696,190139.889735373,Yes,Yes,2.0,40.688539565764906,-73.92081860539055,165.0,652.0
158,1.5,4.3,42.800000000000004,51.4,952112.393031345,146221.765766895,Yes,Yes,5.0,40.56796258405468,-74.11567367759919,479.0,1280.0
159,29.8,60.7,8.0,1.5,998048.8342547972,237429.725948367,Yes,Yes,7.0,40.81835460522813,-73.9501466588042,250.0,1441.0
161,46.7,36.9,12.5,3.9,1030481.47915411,257784.236218712,No,No,2.0,40.87411144655622,-73.83283170033556,69.0,336.0
162,45.6,48.0,4.5,1.9,1022547.87076403,258256.09253437692,Yes,No,3.0,40.87544453505826,-73.86151606667458,65.0,371.0
163,42.4,50.7,4.599999999999994,2.3,1022514.45377027,258162.524951849,No,No,1.0,40.875187866142014,-73.86163743571862,28.0,434.0
164,34.5,56.6,7.099999999999994,1.8,1022484.37847588,258071.185168905,Yes,No,3.0,40.87493729722688,-73.86174670774194,112.0,542.0
165,34.5,45.3,10.5,9.7,1022892.98232814,252620.5819750189,Yes,No,2.0,40.85997528985129,-73.86030065426101,62.0,472.0
166,37.4,55.9,4.5,2.2,1024306.74540884,238429.546017448,No,No,1.0,40.82101878347552,-73.85527448847084,2.0,179.0
167,34.7,61.4,2.9000000000000057,1.0,1010537.56604957,237720.326535517,No,No,0.0,40.819123885210296,-73.90502543107814,2.0,202.0
168,77.3,18.1,3.799999999999997,0.8,1010875.25988936,186076.323266035,No,No,2.0,40.677373201551966,-73.90400983733284,0.0,238.0
169,61.1,27.8,5.5,5.6,1001159.42159305,233387.922444625,No,No,1.0,40.80725557714398,-73.93891870868516,4.0,36.0
170,13.6,21.7,12.0,52.7,987472.1991868999,220749.28174189,Yes,Yes,5.0,40.772581499183104,-73.9883666278437,367.0,1305.0
171,26.2,64.9,7.199999999999989,1.7,999745.349581197,227173.214751075,Yes,Yes,2.0,40.79020049480979,-73.94404104935055,80.0,404.0
172,25.8,62.1,7.900000000000006,4.2,989594.768751601,211244.81695254,Yes,No,2.0,40.74649314989231,-73.98071089582034,37.0,306.0
173,37.3,36.7,9.599999999999994,16.4,961551.1115143772,174264.079122934,Yes,Yes,10.0,40.644962150887814,-74.08179493801286,647.0,2501.0
174,31.2,53.7,11.5,3.6,1015470.11522105,260419.26953974305,Yes,Yes,8.0,40.88140965431849,-73.88709890194632,144.0,1696.0
175,62.3,28.5,7.800000000000011,1.4,1018683.53140802,186526.60778241305,No,No,4.0,40.67858220037907,-73.87585696212678,59.0,1023.0
176,22.6,21.0,28.5,27.9,995571.493377351,165223.546550186,Yes,Yes,14.0,40.62016965890172,-73.95921840905744,665.0,3889.0
178,8.9,33.6,28.0,29.5,1027224.39806781,205177.198783357,Yes,Yes,11.0,40.72973626195207,-73.84494565452937,952.0,3835.0
179,4.7,30.1,30.599999999999994,34.6,973304.094920492,167790.60868759098,Yes,Yes,18.4,40.62721617863451,-74.03943283253287,1201.0,4405.0
180,5.3,64.5,11.299999999999997,18.9,1009477.61515774,198505.317605148,Yes,Yes,7.0,40.71149198542775,-73.90900211419269,282.0,1732.0
181,50.9,42.7,4.199999999999989,2.2,1030685.47220966,257775.555663157,Yes,Yes,7.0,40.87408655029335,-73.83209414427984,172.0,2077.0
182,13.2,61.1,18.700000000000003,7.0,1002733.32741811,218266.021505023,Yes,Yes,5.9,40.76574686090932,-73.933274956483,328.0,2083.0
184,47.5,38.4,11.900000000000006,2.2,983852.862113843,198450.068694593,Yes,No,3.0,40.711376297371146,-74.00143250317433,61.0,596.0
185,12.1,28.6,9.200000000000003,50.1,954434.907502459,146891.363942467,Yes,Yes,10.0,40.56980861324122,-74.1073171556086,455.0,2879.0
187,9.4,61.4,24.89999999999999,4.3,1019089.6246400999,209231.92508106,Yes,Yes,10.0,40.740901255789296,-73.87427538901696,154.0,1957.0
188,85.4,9.0,4.799999999999997,0.8,992853.672195716,192635.33551764602,Yes,Yes,3.0,40.69541204730943,-73.96897340363078,230.0,908.0
189,82.4,12.2,3.299999999999997,2.1,994856.6118797121,186511.43197173398,Yes,No,1.0,40.67860116325205,-73.96176003616506,50.0,376.0
190,72.5,23.1,3.9000000000000057,0.5,990919.368230821,193124.382188978,Yes,Yes,2.0,40.69675603587866,-73.97594841353094,33.0,432.0
191,26.6,44.5,7.5,21.4,944789.1680827821,170513.400863335,Yes,Yes,7.0,40.63460853276057,-74.14217420726257,318.0,1493.0
193,5.3,15.6,30.0,49.1,983615.3146750359,209740.04551586692,Yes,Yes,2.6,40.742364521118624,-74.0022904176363,177.0,527.0
194,5.8,75.3,12.0,6.9,1004213.51041272,209572.43504564892,Yes,Yes,5.0,40.741881962421935,-73.92795729079528,232.0,1578.0
195,30.9,44.3,5.800000000000011,19.0,962213.1981186541,173551.502304147,Yes,No,3.0,40.64300795387357,-74.07940679737273,85.0,653.0
196,10.9,29.0,23.5,36.6,988323.2753202128,208550.381493377,Yes,Yes,3.0,40.739098274025814,-73.98530130766181,101.0,749.0
197,11.6,48.5,35.2,4.7,1030427.03160888,192510.66141587892,Yes,Yes,11.0,40.69495355632575,-73.83347725607982,113.0,1951.0
198,89.3,6.2,3.5,1.0,995246.0701187359,183370.30676359,Yes,Yes,6.0,40.6699790066504,-73.96036104912038,227.0,1361.0
200,26.7,57.4,12.200000000000003,3.7,982898.979156102,203239.24985176304,No,Yes,2.0,40.724521355347036,-74.00487418464421,60.0,430.0
202,27.0,69.3,1.7999999999999972,1.9,993459.419076895,229718.64652919892,No,No,2.0,40.79719580256464,-73.96673817802542,4.0,538.0
204,28.2,49.9,10.5,11.4,984191.9621906392,209550.40660095692,No,No,2.0,40.74184403214692,-74.00020944203122,19.0,429.0
205,23.8,61.5,10.0,4.7,998438.649999944,228399.89370339696,Yes,Yes,2.0,40.79356959185825,-73.94875739114048,122.0,470.0
206,33.2,63.8,2.200000000000003,0.8,986875.330058804,211595.9903021789,No,No,0.0,40.7474582580256,-73.99052512827616,2.0,265.0
207,70.7,22.8,4.699999999999989,1.8,1001799.79666737,239537.5820947,Yes,Yes,4.0,40.824133417720006,-73.93658942520337,205.0,1410.0
208,33.0,63.3,2.200000000000003,1.5,1012324.37124775,239340.493405075,No,No,2.0,40.823565284499566,-73.8985630947853,2.0,267.0
209,28.8,65.6,4.1000000000000085,1.5,1008723.74956522,237263.586995113,Yes,Yes,0.4,40.817875475745375,-73.91158024497669,142.0,482.0
210,22.9,69.7,5.599999999999994,1.8,1009286.79961381,234794.41143566198,No,No,1.0,40.81109670459935,-73.9095552470756,6.0,109.0
211,65.2,30.3,3.6999999999999886,0.8,1015673.71332233,180214.665822913,Yes,No,3.0,40.661268540930465,-73.8867376552783,42.0,489.0
212,11.3,36.1,35.5,17.1,1036622.79458658,203591.46850615105,Yes,Yes,3.0,40.72533317429264,-73.81104808276955,103.0,726.0
213,0.0,100.0,0.0,0.0,1001284.34336144,244696.335160748,Yes,Yes,3.0,40.83829371959247,-73.93843875077339,67.0,502.0
214,34.5,39.3,7.700000000000003,18.5,995391.160335517,218260.901932776,Yes,Yes,1.0,40.76574511070185,-73.9597802751585,123.0,507.0
215,21.8,66.9,7.5,3.8,988874.403983846,215315.83103034305,Yes,Yes,2.0,40.757667458813856,-73.98330787012121,59.0,652.0
216,29.3,68.7,1.5999999999999943,0.4,1015814.17059639,242032.212833179,No,No,1.0,40.830941499071,-73.88594127738598,58.0,495.0
217,55.6,41.3,2.3000000000000114,0.8,1018782.86009108,245878.547014153,Yes,No,2.0,40.84148745409434,-73.87519397926863,53.0,504.0
218,33.8,59.2,5.200000000000003,1.8,1003575.44517909,236548.107070959,Yes,No,3.0,40.815924447810566,-73.93018229919518,88.0,554.0
219,15.9,78.4,3.999999999999986,1.7,1017862.11797356,242294.776148765,No,No,1.0,40.83165460282879,-73.87853960986736,38.0,422.0
220,53.2,38.3,4.0,4.5,986022.880683485,188945.23337257802,Yes,No,1.6,40.68528757145092,-73.99360760157553,39.0,222.0
222,15.6,15.6,14.300000000000011,54.5,988979.812319758,206183.061790568,No,No,0.0,40.73260023915274,-73.98293381341493,61.0,486.0
223,22.8,20.1,13.299999999999997,43.8,987441.9641226841,216682.530080072,Yes,Yes,1.0,40.7614193308034,-73.98847771929134,96.0,543.0
224,40.5,23.3,17.5,18.7,993102.4174867392,151281.209911938,Yes,Yes,7.0,40.581903588132356,-73.96813063401358,260.0,2107.0
225,21.5,55.7,10.599999999999994,12.2,993706.426435891,215831.492118289,Yes,Yes,5.6,40.759078968922154,-73.96586560195755,190.0,1440.0
226,53.1,40.9,3.799999999999997,2.2,997181.8684434708,202432.635185842,Yes,No,2.0,40.72229804440191,-73.95334623071395,15.0,369.0
228,10.5,55.9,20.200000000000003,13.4,1001728.41565589,210545.93566220198,Yes,No,1.0,40.74455923848353,-73.93692276765493,64.0,410.0
229,5.5,78.0,9.299999999999997,7.2,1002730.0517899,210094.85266416305,No,No,3.0,40.743319092356366,-73.93330923938362,57.0,513.0
230,46.1,14.0,37.4,2.5,1038540.34270114,197437.50266412692,Yes,Yes,2.0,40.70843049481228,-73.80417955860142,100.0,551.0
231,30.4,33.2,21.099999999999994,15.3,1024069.46755914,197671.66310468304,No,No,2.0,40.709150166157855,-73.85637322386289,4.0,437.0
232,32.0,22.2,17.5,28.3,1043138.82396582,210115.5058078961,No,No,4.0,40.7431990189802,-73.78748236737094,0.0,491.0
233,36.3,28.0,11.400000000000006,24.3,1060243.29866937,211028.504249235,No,No,1.0,40.74557451996262,-73.72574588464589,2.0,325.0
234,30.7,52.5,11.200000000000003,5.6,982551.5791723579,204905.455068275,No,No,2.0,40.72909462319953,-74.00612794753654,2.0,179.0
235,35.5,45.4,7.700000000000003,11.4,989040.749190733,206155.03082992,No,No,2.0,40.732523268255314,-73.98271395995963,0.0,273.0
236,56.7,36.3,2.0,5.0,999444.1996068092,194040.19267078198,No,No,4.8,40.699259191252494,-73.94520345355619,0.0,383.0
237,59.0,24.5,6.900000000000006,9.6,982776.837367005,177607.546732018,No,No,3.0,40.65416820980713,-74.00530924043537,6.0,261.0
238,29.5,25.6,14.099999999999994,30.8,992655.671004949,149743.829707855,No,No,1.0,40.577684218014454,-73.96974086654984,0.0,227.0
239,58.4,28.8,4.700000000000003,8.1,988875.93853576,189685.19377203,No,No,3.0,40.68731756202342,-73.98331994765549,2.0,639.0
240,53.9,37.4,2.8000000000000114,5.9,998864.236026726,193170.81949321605,No,No,2.0,40.696873941659,-73.94729692712836,0.0,219.0
241,20.4,52.9,14.699999999999989,12.0,989139.487855378,204964.764071428,Yes,Yes,2.0,40.72925622359199,-73.9823585548357,92.0,682.0
242,17.9,75.6,5.200000000000017,1.3,1004197.94551113,237322.616774653,No,No,2.0,40.818048875189184,-73.92793106974331,61.0,525.0
243,30.8,65.5,2.700000000000003,1.0,1011091.56372807,246546.866718706,Yes,No,4.0,40.843348523169844,-73.90298857314164,61.0,684.0
244,81.9,14.2,2.5999999999999943,1.3,998727.872987422,188729.809569918,Yes,No,1.0,40.68468461922944,-73.94779823486942,2.0,155.0
245,88.0,4.7,6.5,0.8,997768.6256392328,182296.704054892,Yes,Yes,3.0,40.66702871456307,-73.95126982284665,276.0,1246.0
246,28.1,45.8,3.9000000000000057,22.2,960109.501377721,161854.68260312598,No,No,1.0,40.61089717425203,-74.08694536045181,2.0,153.0
247,36.5,49.8,6.099999999999994,7.6,988570.562527777,214730.13588888198,Yes,No,1.0,40.756060028750795,-73.98440498479222,44.0,249.0
248,11.1,39.3,22.60000000000001,27.0,1037298.6567702,203195.25885853101,No,No,2.0,40.72424165023094,-73.80861282063313,0.0,415.0
249,9.5,77.2,11.5,1.8,1017849.4047863,242352.691779623,No,No,1.0,40.83181361281793,-73.87858525996769,10.0,390.0
250,21.2,41.0,22.700000000000003,15.1,1008355.03316813,259157.128276009,No,No,2.0,40.87796777180458,-73.91283364886897,2.0,485.0
251,36.8,30.4,3.5,29.3,922474.594988035,125021.93641761801,No,No,3.0,40.50961626379372,-74.22215586625711,6.0,516.0
252,22.8,68.7,3.5999999999999943,4.9,991401.73810587,225563.97256471802,Yes,Yes,2.0,40.785794247197316,-73.97417436429829,27.0,451.0
253,79.7,15.4,2.1999999999999886,2.7,1014317.15400324,175139.025010655,No,No,1.0,40.64734173685779,-73.89164980562028,8.0,182.0
254,41.8,54.8,1.9000000000000057,1.5,1011836.82135775,240780.84924128,No,No,2.0,40.82752018514872,-73.90031876183626,31.0,325.0
256,17.9,39.3,22.700000000000003,20.1,1024299.99994044,197409.99991485,Yes,Yes,2.0,40.70843092315263,-73.85554326332674,119.0,826.0
257,86.0,3.4,7.799999999999997,2.8,1052763.74857404,187908.681380164,No,No,1.0,40.68217749122653,-73.75297416418262,30.0,494.0
258,14.7,48.6,26.200000000000003,10.5,987855.915142624,207227.527869957,No,No,2.5,40.73546757102058,-73.98698851783325,43.0,354.0
259,28.0,60.7,8.099999999999994,3.2,983515.177821294,210078.90373538106,No,No,2.0,40.7432945946255,-74.00265182304825,50.0,496.0
260,43.0,32.3,11.300000000000011,13.4,1033043.91880318,152857.167754536,Yes,No,3.0,40.58609940429803,-73.82432708733425,35.0,365.0
261,83.4,9.4,6.099999999999994,1.1,1001047.78619931,185584.734747918,No,No,2.0,40.676048005909465,-73.93944134244515,57.0,361.0
262,32.8,53.7,7.900000000000006,5.6,989464.149466203,211248.714895452,No,No,1.0,40.746503926748794,-73.98118229372186,39.0,287.0
263,38.7,26.5,29.900000000000006,4.9,1040204.30536007,199484.946218335,Yes,No,3.0,40.71403985958648,-73.79816079792299,74.0,445.0
264,76.2,10.7,12.099999999999994,1.0,1047731.47970033,198649.847693851,Yes,No,1.0,40.71169691411045,-73.77101665359746,31.0,403.0
265,19.2,17.6,21.799999999999997,41.4,1032788.79638326,152187.24368865,Yes,Yes,5.0,40.58426200020571,-73.82525041461548,189.0,1301.0
266,7.3,86.9,2.8999999999999915,2.9,988031.324300571,155524.301304529,No,No,1.0,40.59355364137879,-73.98638457451527,41.0,343.0
267,40.6,54.0,2.4000000000000057,3.0,1012447.77913306,242267.209688487,No,No,2.0,40.831597886915716,-73.89810490334166,0.0,630.0
268,34.0,60.2,3.0999999999999943,2.7,1004756.36846069,235737.811600327,No,No,2.0,40.81369775174433,-73.92591841470183,0.0,480.0
269,33.1,30.9,20.400000000000006,15.6,1059379.22561713,214964.94541959802,No,No,1.0,40.75638638752313,-73.72882026027317,6.0,411.0
270,7.8,33.3,29.60000000000001,29.3,1001732.4630639,213079.87022913696,Yes,Yes,3.0,40.751514241648714,-73.93690157401653,258.0,894.0
271,74.2,12.7,12.700000000000003,0.4,1044402.08156209,185268.275102143,No,No,3.4,40.674990968214146,-73.78314553113951,34.0,458.0
272,7.8,55.1,19.900000000000006,17.2,977769.588748642,171277.81458384902,Yes,Yes,3.0,40.636792212456434,-74.02334915519103,256.0,1281.0
273,21.4,23.0,14.5,41.1,992045.328150783,151424.06909936699,Yes,Yes,4.0,40.58229670089185,-73.97193606974966,54.0,565.0
274,66.8,19.8,7.300000000000011,6.1,988157.024615923,155688.05767865598,Yes,Yes,1.0,40.594003065191096,-73.9859318703333,62.0,262.0
275,81.4,8.8,9.0,0.8,1051485.39217938,182707.413378861,Yes,Yes,2.0,40.667911038855536,-73.75763513159309,61.0,488.0
276,7.1,69.5,9.700000000000003,13.7,986315.2512428979,173467.69023756598,No,No,1.0,40.64280508235139,-73.99255815490021,4.0,226.0
277,86.0,9.3,3.5,1.2,1012404.9752559,174613.13584563902,No,No,0.0,40.64590457122047,-73.89854273413576,2.0,172.0
278,81.2,13.3,4.5,1.0,1012361.93253326,172674.10980245,Yes,Yes,1.0,40.64058250197228,-73.89870591957492,39.0,415.0
279,21.1,65.1,9.5,4.3,1020521.58056045,191871.017426162,Yes,Yes,1.0,40.693244025037416,-73.86920149149935,32.0,232.0
280,58.5,32.4,7.800000000000011,1.3,999487.275935798,197846.977205556,Yes,No,0.0,40.70970784307739,-73.94503948881534,42.0,376.0
281,15.6,54.1,10.300000000000011,20.0,1002908.74212628,214977.727294475,Yes,Yes,0.0,40.756720971921546,-73.93265083429225,134.0,545.0
282,59.3,30.1,7.099999999999994,3.5,997117.707815452,202353.503744618,No,No,1.0,40.72208094131172,-73.95357785161598,22.0,113.0
283,34.7,61.1,2.0999999999999943,2.1,991443.3655767492,225539.689873372,No,No,0.0,40.78572756391113,-73.97402406938322,4.0,193.0
284,27.5,65.6,3.9000000000000057,3.0,991356.641679085,225590.567893334,Yes,Yes,2.0,40.785867280648496,-73.97433718382356,55.0,331.0
285,4.3,45.5,12.600000000000009,37.6,1024186.16305121,197528.786234054,Yes,Yes,4.0,40.708757477575716,-73.85595315742052,208.0,1064.0
286,5.9,80.9,10.699999999999989,2.5,1024194.1927965,238546.68711848,Yes,No,2.0,40.82134081195243,-73.85568044441065,69.0,320.0
287,32.8,54.8,8.5,3.9,1027260.11819286,245471.72112208,No,No,2.0,40.8403336173912,-73.8445587887126,2.0,259.0
288,43.6,49.7,3.0999999999999943,3.6,987607.0109836641,203676.034140511,No,No,4.0,40.72571968834871,-73.98788842841795,4.0,195.0
289,57.2,20.5,11.900000000000006,10.4,1001243.26411003,154654.612792233,No,No,0.0,40.59115103768725,-73.9388145009071,4.0,327.0
290,71.2,26.0,2.799999999999997,0.0,998987.499915615,193191.652826549,No,No,0.0,40.69693091988704,-73.94685235716975,6.0,73.0
291,26.9,68.5,2.5,2.1,1012727.3524479,250640.549304832,Yes,No,2.0,40.85457934110438,-73.89705908431064,71.0,628.0
292,32.5,58.2,6.599999999999994,2.7,1008283.64836421,259144.940626559,No,No,2.0,40.87793451517263,-73.91309182743056,74.0,409.0
293,33.8,58.9,4.800000000000011,2.5,1022618.04645092,258014.37627951198,Yes,Yes,1.0,40.87478079446956,-73.86126369825305,23.0,394.0
295,86.6,7.2,4.400000000000006,1.8,1003231.55474669,186625.146717347,No,No,2.0,40.67889928765378,-73.93156558655181,29.0,389.0
297,22.1,54.4,20.0,3.5,1032268.27715143,218115.81165770305,Yes,Yes,10.0,40.765223488924214,-73.82665468378723,138.0,1812.0
299,49.5,13.6,33.5,3.4,1056577.99728212,206623.98360063304,Yes,Yes,7.0,40.73351599571765,-73.73902095986561,162.0,1549.0
300,15.4,77.5,2.1999999999999886,4.9,997069.857208814,195652.531991364,Yes,No,4.0,40.70368844266879,-73.95376323992372,74.0,628.0
301,2.1,59.8,31.900000000000006,6.2,1001563.56800818,212959.129498395,Yes,Yes,4.0,40.751183171267726,-73.93751146767299,69.0,890.0
302,31.6,63.7,3.0999999999999943,1.6,986809.624700311,217476.887465479,Yes,No,1.0,40.76359984309865,-73.990760021512,86.0,449.0
303,13.6,37.6,36.6,12.2,983551.101628203,209774.72056115692,Yes,Yes,2.0,40.74245969062989,-74.00252214976527,110.0,450.0
304,3.7,29.2,18.39999999999999,48.7,985712.44370113,159686.24107435902,Yes,Yes,4.0,40.60497800947185,-73.99473327362772,100.0,919.0
305,42.9,34.2,7.199999999999989,15.7,986132.2132242459,188893.220804643,Yes,Yes,2.6,40.685144786265795,-73.99321340054114,69.0,485.0
306,32.8,56.1,9.400000000000006,1.7,1008714.80198195,245196.74990727,No,No,3.0,40.83964975318771,-73.91158364189016,70.0,424.0
307,23.9,71.2,3.0999999999999943,1.8,1015135.18052256,252299.43695223104,Yes,Yes,4.0,40.85912439301201,-73.88834755007228,95.0,393.0
308,29.1,66.3,3.8000000000000114,0.8,1005329.7873129,238705.609665609,Yes,No,2.0,40.82184217096729,-73.92383755305644,113.0,508.0
309,28.5,68.6,0.7000000000000028,2.2,1005409.2765671,238911.983183682,Yes,Yes,2.0,40.82240841762338,-73.92354970333966,97.0,592.0
310,83.1,16.9,0.0,0.0,1003193.44400028,191339.572198219,No,No,0.4,40.69183938550972,-73.93168973298668,11.0,77.0
311,35.5,54.8,3.200000000000003,6.5,986356.212887942,205169.192340939,No,No,1.0,40.72981842984989,-73.99240064531433,4.0,62.0
312,34.9,61.7,1.6999999999999886,1.7,1012465.73855088,237228.6984905789,No,No,3.0,40.81776855696268,-73.89806119348293,6.0,235.0
313,19.3,35.3,16.10000000000001,29.3,983611.837645575,210156.42191231198,Yes,Yes,3.0,40.743507370165,-74.00230300485428,45.0,658.0
314,34.7,60.3,1.2000000000000028,3.8,1009313.33663826,234886.799594881,No,No,5.0,40.811350209033044,-73.90945903790441,2.0,504.0
315,12.2,18.2,10.700000000000003,58.9,940095.4875755308,151344.785943106,Yes,Yes,1.0,40.581972547120884,-74.15895979970787,96.0,450.0
316,16.8,77.0,3.9000000000000057,2.3,1008795.59380469,193230.927188103,Yes,No,2.0,40.697016949964755,-73.91148143949889,39.0,309.0
317,85.2,9.3,5.5,0.0,1007184.6372309,170062.726946115,Yes,No,1.0,40.63342973521768,-73.91736982816201,34.0,237.0
318,89.6,7.7,2.200000000000003,0.5,1005820.32690169,175450.738898559,No,No,2.0,40.64822209487369,-73.92226801175006,73.0,366.0
319,84.2,9.9,3.5999999999999943,2.3,1007402.81800816,170228.180702207,No,Yes,1.0,40.63388330288249,-73.91658318727859,4.0,222.0
320,6.3,19.6,20.5,53.6,940180.593704522,151461.80670644302,Yes,Yes,2.0,40.582294168921024,-74.15865417448188,126.0,494.0
321,89.6,6.1,3.5,0.8,1005660.28770518,175441.847832086,Yes,No,2.0,40.648198079186784,-73.92284476551356,145.0,604.0
322,81.5,13.9,3.5,1.1,1007071.91049598,169970.000115778,Yes,No,3.0,40.63317551099139,-73.91777627958808,57.0,373.0
323,87.6,6.5,4.700000000000003,1.2,1007297.36396582,170144.544737589,Yes,No,2.0,40.633654015016326,-73.9169634108967,45.0,340.0
324,27.2,68.8,2.299999999999997,1.7,1016240.72273116,246817.096332851,Yes,No,1.0,40.8440730705674,-73.88437708924286,49.0,577.0
325,0.6,99.4,0.0,0.0,1007592.46653881,248838.377503948,Yes,No,2.0,40.84964798604421,-73.91562710898954,52.0,312.0
326,83.2,13.1,1.7999999999999972,1.9,1010095.2302733,178231.461978657,No,No,1.0,40.65584312593569,-73.90685209533555,6.0,214.0
327,5.7,26.1,18.099999999999994,50.1,1042489.60960557,217938.96851878602,Yes,No,2.0,40.76467667521481,-73.78975747653071,85.0,601.0
328,14.9,82.0,1.3999999999999915,1.7,1000338.36342875,228051.280826404,Yes,No,3.0,40.79260948947317,-73.94189737300219,32.0,572.0
329,15.6,78.7,3.299999999999997,2.4,1008316.7291270001,259188.46794602397,No,No,2.0,40.87805389398685,-73.91297204765341,20.0,333.0
330,86.2,9.4,2.0,2.4,1012477.27149159,172771.827531027,Yes,Yes,1.0,40.6408503491865,-73.89828991700519,20.0,297.0
331,28.4,69.4,1.0999999999999943,1.1,1006485.0283525999,237421.4651673589,No,No,1.0,40.818314725449305,-73.9196678599256,0.0,183.0
332,74.0,17.3,7.099999999999994,1.6,1002710.28673637,191101.641065528,No,No,1.0,40.69118734061019,-73.93343265470679,15.0,127.0
333,83.0,10.5,4.099999999999994,2.4,1007101.00126628,170162.726469028,Yes,Yes,2.0,40.63370442872617,-73.91767081761898,18.0,294.0
334,6.0,70.1,17.900000000000006,6.0,1020050.85102602,210104.902993859,Yes,No,2.0,40.743293521061176,-73.87080200145637,103.0,468.0
335,80.8,10.7,4.0,4.5,1012240.18585504,172569.98435396698,Yes,No,2.0,40.64029708568993,-73.89914503383662,45.0,291.0
336,70.0,27.5,0.7999999999999972,1.7,995732.562603227,191527.57236048696,No,No,2.0,40.692368227195395,-73.95859342744255,2.0,233.0
337,0.0,100.0,0.0,0.0,1017833.86644631,242419.082868655,Yes,No,2.0,40.831995896202436,-73.87864107683247,22.0,442.0
338,47.2,43.5,7.599999999999994,1.7,1020403.48846596,191833.9621079,Yes,Yes,2.0,40.69314280007701,-73.86962754022069,46.0,409.0
339,38.1,50.8,9.0,2.1,1020493.92117597,191651.975773005,Yes,Yes,1.0,40.69264292033015,-73.86930241205147,19.0,333.0
340,87.6,5.9,5.300000000000011,1.2,1052792.15917257,196390.882670115,Yes,No,4.0,40.705458857238185,-73.75278542157609,56.0,580.0
341,11.7,79.2,7.0,2.1,1006911.51542722,234440.355252655,No,No,2.0,40.810131331244776,-73.91813708618047,49.0,471.0
342,37.1,37.1,14.099999999999994,11.7,1034281.95606649,201892.84012513692,No,No,1.0,40.72068440976139,-73.81950602325836,4.0,213.0
343,85.9,10.2,2.799999999999997,1.1,1005985.70073808,175464.964604915,No,Yes,1.0,40.64826073700204,-73.92167201619002,56.0,361.0
344,0.0,99.5,0.5,0.0,1019975.1191395001,210077.686847142,Yes,No,3.0,40.74321912587269,-73.87107544661036,31.0,381.0
345,39.9,56.7,2.0999999999999943,1.3,999634.2184021708,197863.50823302305,No,No,2.0,40.70975296254475,-73.94450943301695,43.0,536.0
346,17.1,38.0,20.5,24.4,988146.645690802,155524.301304529,Yes,Yes,2.0,40.59355359142899,-73.98596933645467,61.0,287.0
347,89.8,7.5,1.9000000000000057,0.8,1007695.30967052,186308.699796409,Yes,Yes,1.0,40.67802001566564,-73.91547347050654,35.0,590.0
348,0.4,99.3,-0.10000000000000853,0.4,1012546.72057961,256392.697008285,Yes,Yes,2.0,40.870367819963114,-73.89768775204911,69.0,551.0
349,40.7,42.4,11.0,5.9,987779.273170008,207265.31025400106,Yes,No,2.0,40.73557130525733,-73.98726505073445,86.0,526.0
350,51.3,9.8,37.800000000000004,1.1,1043346.01892206,193361.785768505,No,No,1.6,40.697212849709416,-73.7868817430549,94.0,622.0
351,27.4,60.1,8.099999999999994,4.4,983463.527231706,210105.134245871,No,No,2.0,40.7433665863841,-74.00283822253587,101.0,431.0
352,43.6,49.7,4.099999999999994,2.6,1012549.21551176,237167.368478502,Yes,No,1.0,40.81759995639385,-73.89775986388821,6.0,195.0
353,20.7,43.6,15.399999999999991,20.3,996417.4690769208,234650.717836747,Yes,Yes,2.0,40.810729403277094,-73.9560455997262,108.0,670.0
354,18.3,78.9,1.8999999999999915,0.9,1004996.50967611,254625.07216426692,Yes,No,1.0,40.86553720499957,-73.9249924518648,4.0,218.0
355,53.0,41.9,4.0,1.1,996561.746390136,236406.147988437,Yes,No,1.0,40.81554736903607,-73.9555211849746,55.0,353.0
356,9.0,76.8,7.700000000000003,6.5,983079.576185339,178068.981679685,Yes,No,5.0,40.65543479305207,-74.00421825756422,215.0,1317.0
357,6.6,90.4,1.9000000000000057,1.1,1002777.74574094,249255.324701682,Yes,No,3.0,40.85080379818979,-73.93302907626128,52.0,648.0
358,17.6,66.5,10.199999999999989,5.7,1019898.20394226,210046.920768245,No,No,1.0,40.7431349911371,-73.87135318028037,4.0,227.0
359,18.7,36.5,13.599999999999994,31.2,982896.374989435,203209.04151843,Yes,Yes,2.0,40.72443844040092,-74.00488357382605,121.0,455.0
360,83.4,12.6,3.0,1.0,1010181.38370843,178245.308066445,No,No,2.0,40.6558808785179,-73.90654153970003,4.0,199.0
361,18.5,43.6,32.900000000000006,5.0,987804.994598641,207150.676542211,Yes,Yes,3.0,40.73525665369699,-73.98717229868957,63.0,443.0
362,85.4,5.9,7.0,1.7,1051532.10145889,182866.86919509398,Yes,Yes,0.8,40.66834835300903,-73.75746516704966,79.0,577.0
364,49.0,29.3,8.900000000000006,12.8,988073.9932149572,155583.115213546,No,No,1.0,40.59371505543293,-73.98623090314517,39.0,290.0
365,49.2,15.9,26.5,8.4,1059350.05068116,210615.16714421398,Yes,Yes,4.0,40.74444764944646,-73.72897414425906,223.0,1123.0
366,39.6,55.7,2.6999999999999886,2.0,988104.377226677,221619.088133272,Yes,No,2.0,40.77496863683251,-73.98608372433522,34.0,503.0
367,68.9,22.2,8.899999999999991,0.0,1054820.16067996,193818.062362297,No,No,1.0,40.69838115655571,-73.74549792374674,10.0,45.0
368,37.3,58.3,3.5,0.9,988278.9022022459,221521.223660991,Yes,No,2.6,40.774699946711436,-73.9854536584838,44.0,429.0
369,24.6,70.9,3.5999999999999943,0.9,1006667.29014543,240772.678844645,Yes,No,3.0,40.827512393156994,-73.91899817729983,125.0,771.0
